0.064139 0.614348 -0.172829 0.063053 -0.059433 0.324637 0.089090 -0.064944 0.198513 0.258619 0.285434 -0.050996 -0.053382 0.450276 -0.010045 -0.140981 0.097065 0.279169 -0.047653 -0.093791 0.070718 0.120936 0.203641 -0.468732 0.209600 -0.494625 -0.368177 0.132491 -0.077393 -0.218425 -0.256664 -0.211276 -0.349276 0.185668 -0.067555 0.085128 -0.085899 -0.129247 0.144181 0.195539 -0.106741 -0.157840 0.129004 -0.089197 0.433846 0.017942 0.051033 0.173338 0.238571 0.159857 -0.007362 0.238679 0.064363 0.308816 -0.119078 0.094240 -0.394505 0.024857 0.039516 -0.203498 0.245994 -0.305521 -0.473901 0.019445 -0.035077 -0.390327 -0.456412 0.060260 -0.542078 -0.054870 0.298439 -0.152747 -0.002771 -0.231653 0.379172 0.199575 0.236612 0.173509 0.004721 0.402739 -0.167820 0.030505 0.118040 -0.028471 0.303747 0.241265 0.240331 0.205283 0.501217 -0.041485 -0.081109 0.122215 -0.419192 0.267862 -0.043966 0.039713 0.063873 0.157238 -0.215349 -0.063839 -0.269397 0.179148 0.147112 -0.252919 -0.169321 -0.180920 -0.039959 -0.204574 -0.205948 0.288014 -0.147816 -0.121676 0.130670 -0.207456 -0.006603 -0.277290 -0.433082 -0.271988 -0.190396 -0.112797 0.504102 0.051728 -0.209359 -0.109518 0.021434 -0.123308 0.066804 -0.104618 -0.207596 -0.181085 0.131661 -0.343399 -0.492030 0.032303 -0.043592 -0.036369 0.167331 -0.294300 -0.010974 -0.304974 -0.371691 0.183952 -0.538260 0.067812 0.225300 0.043006 -0.363551 -0.130586 0.153664 -0.265821 -0.203699 0.468485 0.229155 0.102689 0.086051 -0.197039 0.098898 -0.171580 0.254515 0.103416 0.052664 0.268282 0.045065 -0.132671 -0.248498 0.517376 -0.163340 0.159491 -0.201972 -0.129055 -0.045083 0.173394 -0.003008 -0.089633 -0.094822 -0.134995 -0.144963 -0.257254 0.112862 0.093897 0.272908 -0.238829 0.264576 0.219671 0.504323 0.259183 0.190820 0.244700 0.188640 -0.401933 -0.061046 -0.247347 0.195997 -0.024592 -0.506471 0.175924 -0.185013 0.145513 -0.076489 0.595704 0.020690 -0.231889 -0.047043 -0.119205 -0.447413 -0.028490 0.058615 -0.116496 0.140067 -0.207900 0.018148 -0.123822 0.220774 0.052209 0.141743 -0.097165 -0.351501 0.287658 0.568600 -0.369058 -0.268880 0.284254 -0.095113 0.325811 0.147435 -0.075174 0.400883 0.397124 -0.059023 0.084395 0.103154 -0.087050 0.014555 -0.178879 -0.193827 0.429772 0.510509 0.008134 -0.328269 0.212189 0.078100 -0.213864 0.091079 0.478442 0.037210 0.291866 -0.289805 0.331934 -0.434339 0.021958 0.086744 -0.096719 -0.308256 -0.502581 0.475633 -0.360945 0.105181 -0.299272 -0.110070 -0.042402 0.161946 0.039844 -0.232579 0.096092 -0.408408 0.146495 -0.176032 0.111155 0.057509 0.025305 0.002030 0.030222 0.320680 0.134295 0.057993 -0.333252 -0.062373 0.326927 -0.096363 0.149644 -0.133519 -0.123295 -0.156563 0.279999 -0.056166 -0.395084 -0.174954 -0.495701 -0.073982 -0.045413 -0.013653 -0.111757 -0.163565 0.185432 0.111988 0.156986 -0.088758 -0.367684 0.303210 -0.262807 -0.051231 0.104180 -0.185971 -0.591691 -0.184156 0.039215 -0.156641 -0.244782 0.246442 0.254731 -0.176839 0.206664 0.053803 -0.143957 -0.007038 0.289928 0.039104 0.184413 -0.402079 -0.162633 0.059644 0.264748 0.014448 -0.132586 -0.225847 0.135796 -0.307629 0.069250 0.384221 -0.126161 -0.373939 -0.276811 -0.282609 -0.158862 -0.273397 0.119978 0.003310 -0.023338 0.301553 0.332411 0.122845 0.345875 -0.245286 0.301762 0.139075 -0.359538 -0.438661 -0.071848 0.379232 -0.041427 0.181468 -0.062746 -0.109567 -0.089818 0.110919 0.287710 -0.291688 0.432360 0.239397 0.233798 -0.293166 0.170120 -0.123646 -0.301717 -0.200951 -0.299761 -0.082878 -0.059212 0.440165 -0.130202 -0.077244 -0.103816 0.004508 0.089274 -0.132695 0.252152 0.447524 0.463609 0.115175 0.127704 0.270828 0.385974 -0.122213 0.181212
0.125930 0.169374 0.013775 0.205337 0.249716 -0.119018 -0.273683 0.199137 0.004609 -0.326251 0.136610 -0.076791 0.263028 0.236716 0.163059 0.324257 -0.011553 0.017123 -0.043976 -0.140074 -0.244626 0.201484 -0.029705 -0.305264 -0.432564 0.150033 -0.157934 0.347744 0.239490 -0.029271 -0.161028 0.097762 -0.391490 0.285738 -0.037100 0.011297 0.547950 -0.158144 -0.220305 0.128617 -0.008004 0.094418 -0.202074 0.210531 -0.312512 -0.072177 -0.010026 -0.115367 -0.065661 0.380748 0.015209 -0.368929 0.140862 0.059513 0.253680 0.096746 -0.075197 0.001892 0.024753 -0.133974 -0.180697 -0.082914 -0.275087 -0.124541 -0.167468 0.151814 -0.328027 0.033716 -0.090237 0.017824 -0.251181 0.034852 -0.007185 -0.203182 -0.005930 -0.208522 0.197909 -0.053893 0.217405 -0.320468 -0.108904 0.090946 -0.073628 -0.343106 0.158190 -0.394211 0.045052 -0.256935 -0.191615 -0.418203 0.078492 -0.030564 -0.484110 0.029199 -0.127231 0.026877 -0.267790 0.172197 0.090493 -0.121273 0.301154 -0.023606 0.187616 -0.202875 0.074759 -0.205921 0.339856 -0.515390 0.161598 0.137369 0.109241 -0.232885 0.064221 0.014512 -0.128441 -0.528749 -0.235574 0.198798 0.201796 -0.081510 -0.203793 -0.241716 -0.010913 0.084755 -0.371185 -0.269624 0.101023 -0.462614 -0.091321 0.125053 -0.246291 -0.000341 -0.257587 0.242847 0.148597 -0.156157 0.172836 0.283321 0.098837 0.071206 0.093517 0.086927 0.409302 -0.450773 0.329837 -0.409980 0.132821 -0.328372 0.189236 -0.009589 -0.200026 0.341532 0.298255 0.169193 -0.236245 -0.142127 0.052755 -0.236010 0.048506 -0.156746 0.001662 -0.246677 -0.221975 -0.092799 0.041033 -0.111975 0.027876 -0.237766 0.072490 -0.182725 0.068971 -0.124088 0.010441 -0.376522 0.137482 0.214830 0.076550 -0.212805 0.053993 0.315582 0.235334 0.212219 -0.338867 0.217154 0.044806 0.220855 -0.363863 -0.285702 -0.007560 -0.322393 0.366139 0.098206 -0.084536 -0.027634 -0.326954 -0.092993 0.319653 0.316523 0.164079 0.145444 0.266859 -0.095211 -0.106585 0.327979 -0.060503 0.192351 -0.156438 -0.046291 -0.283194 -0.137341 -0.038063 0.321916 0.175640 0.144668 -0.073505 -0.108874 -0.233382 -0.196928 -0.002860 -0.074505 0.275989 -0.144738 0.170325 0.279240 -0.099666 -0.483067 0.068005 -0.113613 0.444119 -0.048142 -0.178897 -0.206116 0.214830 0.022631 0.199811 0.292011 -0.240361 0.112608 -0.071105 -0.098678 -0.217398 -0.057493 0.195627 -0.131226 -0.036908 0.251068 0.030181 0.146978 -0.231009 0.088547 -0.214250 -0.169848 0.199625 0.190955 0.107405 0.183511 -0.324626 -0.330839 0.073991 -0.028138 0.120579 -0.116345 0.076376 -0.105991 0.298174 -0.292871 0.320029 -0.161413 0.290601 -0.151054 -0.288646 -0.008631 0.266651 0.216211 -0.018053 0.069766 0.041943 0.290581 -0.057142 0.159343 0.165389 0.176102 -0.198301 0.114486 -0.098646 -0.411115 -0.086060 -0.225215 0.112812 -0.286564 -0.038675 0.041957 -0.161178 -0.049515 -0.146704 -0.088661 0.015269 -0.218802 0.225814 -0.323604 -0.279503 0.097460 0.083505 -0.267642 0.306454 0.184634 0.088953 0.043304 0.213944 -0.045989 0.119858 0.056501 -0.002066 -0.179557 0.223838 0.256998 0.453354 0.163970 0.379458 0.190378 0.180452 -0.171230 -0.449068 0.028144 0.268674 0.194206 -0.097062 -0.163125 -0.258217 0.260628 -0.018156 0.321400 -0.283390 0.002572 0.114248 0.004689 0.004318 -0.003954 -0.177244 0.041507 0.199537 -0.181207 -0.160276 0.160343 0.088466 -0.222971 -0.117971 0.000848 0.218058 0.085559 -0.002152 0.011527 -0.144740 0.055016 0.019239 0.169693 0.215295 0.280499 0.133146 0.225177 0.232503 -0.117107 -0.103303 -0.084457 -0.022235 -0.148755 -0.027414 0.238906 0.172882 -0.276994 0.231207 0.086953 0.543388 -0.530612 0.172301 -0.212835 0.232549 0.221869 0.275048 0.031327 -0.006481 0.210695 0.326016 -0.060905
0.164447 -0.102161 0.020743 0.037894 0.272123 0.028125 -0.005728 -0.133874 -0.008325 0.472587 -0.185544 0.002152 0.118807 -0.335180 -0.026428 -0.218442 -0.018757 -0.074688 -0.140471 0.012395 0.301638 -0.251117 0.214075 0.195551 -0.045767 0.028755 0.485374 0.043952 -0.002024 -0.111905 0.018367 0.142782 0.023265 0.377168 0.276148 0.065609 0.325954 -0.190963 0.048260 -0.030991 -0.007351 -0.089613 0.308911 0.285181 0.157849 -0.062259 -0.025144 -0.020883 0.125738 -0.033036 0.067670 0.330785 -0.194834 0.172197 -0.104499 0.070275 0.321291 -0.077777 -0.055903 0.012081 -0.174904 -0.260347 0.056019 0.046217 0.014820 -0.128175 -0.369172 0.302550 -0.442581 0.142824 0.323766 0.041322 -0.175810 0.126204 -0.149061 -0.366065 -0.146779 -0.562761 -0.310727 -0.302094 -0.039677 -0.257473 0.408599 0.113421 0.021832 0.232222 0.069696 -0.386677 -0.065072 -0.035971 -0.148393 -0.032061 -0.499563 0.386698 -0.037761 0.081103 -0.100981 -0.391018 0.046898 0.134917 -0.323149 0.159518 -0.608419 0.221683 0.080855 -0.349829 -0.225595 -0.494815 0.006979 0.385019 -0.197242 0.050901 0.002026 0.027202 -0.348625 -0.064207 -0.322907 -0.031334 0.135525 -0.141827 0.076230 0.060772 0.021378 -0.129064 0.077214 -0.134827 -0.106644 0.251507 -0.443143 -0.287548 0.044130 -0.222374 -0.106215 0.244216 0.107439 0.111088 -0.099193 -0.233084 0.203064 0.140027 -0.168349 0.073524 0.198578 -0.428331 -0.227824 -0.280033 -0.174055 -0.098698 0.388194 -0.224817 -0.120933 0.381686 0.209458 -0.011782 0.009056 -0.124803 0.333496 0.270812 0.392808 0.161756 0.051339 0.010831 0.378759 -0.619264 -0.018745 0.085647 0.090962 0.062895 -0.045695 -0.290843 0.322234 0.168750 0.075551 0.255534 0.146935 -0.148665 0.002502 -0.000868 -0.047307 0.103870 0.136852 -0.242551 0.389501 0.217938 0.154975 0.001981 -0.362157 0.318216 0.176277 -0.377598 0.332218 -0.102958 0.057474 0.208668 -0.284008 -0.053002 0.189761 -0.216193 -0.180632 0.198454 0.163554 -0.108582 0.085891 0.301149 -0.179256 -0.298813 0.070745 -0.318857 -0.027621 0.060852 -0.017281 -0.034383 0.512790 -0.091196 0.248099 -0.175390 -0.339516 0.086903 0.158626 -0.073699 0.193198 0.107901 -0.224729 0.156103 -0.214272 -0.003662 -0.410808 -0.338450 -0.322459 -0.086125 0.126951 0.019219 0.322327 -0.148506 0.005370 -0.063480 0.456615 0.016140 -0.214651 -0.123051 -0.028369 -0.029552 0.073948 0.116994 -0.464905 -0.441361 -0.105131 0.222391 -0.318180 -0.024152 -0.240489 -0.190596 0.171370 0.256152 -0.094260 0.403459 -0.200081 -0.166922 0.360778 -0.064268 -0.111026 -0.119452 0.078212 0.066574 -0.655179 -0.054230 -0.070798 0.029888 0.151927 -0.143106 -0.425120 -0.108950 0.136214 -0.362345 0.140013 -0.008543 0.176674 -0.173754 0.023914 0.084618 -0.164633 0.217252 -0.053378 -0.111793 -0.360073 0.157100 0.022292 -0.044894 0.071751 0.082373 -0.060523 -0.385304 0.113620 0.062804 -0.006683 0.093961 0.043498 -0.265344 0.294710 0.357699 -0.239107 0.075619 -0.136343 -0.177351 -0.151195 -0.039280 0.287116 0.099877 -0.049025 -0.298248 0.110805 0.027145 0.069844 -0.217343 0.005635 -0.063809 0.327958 -0.259855 0.199057 0.028314 -0.121072 -0.296401 -0.083280 0.030140 0.231679 -0.235917 -0.290706 -0.065185 0.224863 0.276720 0.027439 0.076201 -0.342862 -0.289972 -0.068637 -0.184704 -0.165588 0.013892 -0.161510 0.018684 -0.155073 0.220130 -0.286227 0.309990 -0.021608 0.158165 -0.056964 -0.335049 0.271466 -0.008403 0.003911 -0.148526 -0.177104 0.267984 -0.310343 -0.090142 -0.288031 -0.192495 -0.310805 0.413026 0.326206 0.435991 -0.078134 -0.239575 0.029163 -0.234863 -0.229010 0.017358 0.067185 -0.134638 0.072209 -0.031634 0.402386 -0.504859 0.015066 0.057862 0.278732 -0.321811 -0.384036 -0.047364 -0.303875 -0.306602 0.182346 -0.230018
-0.088011 0.087307 0.000245 -0.040648 0.049067 -0.125272 0.048106 -0.008457 0.244279 0.081677 -0.140465 0.041651 -0.189090 -0.024944 0.060289 -0.178059 0.125693 0.006776 -0.079673 0.100534 -0.078104 -0.031601 -0.013906 0.156377 -0.086632 -0.184457 -0.050099 -0.094775 0.073390 -0.009923 -0.064854 0.156154 0.212388 -0.125341 0.178088 -0.141368 0.115321 0.077870 0.112048 -0.016626 0.032700 -0.010981 0.138136 0.090446 0.080319 -0.010894 0.011826 -0.050413 0.129879 -0.093398 -0.011519 0.102364 -0.120501 -0.019430 0.067847 0.106990 -0.111066 0.012309 0.090034 -0.212033 -0.117633 0.026421 -0.080995 -0.260791 0.176535 -0.120140 -0.515287 0.145102 -0.164275 -0.023060 0.070994 0.026003 0.067885 -0.093369 0.034724 0.009899 0.027458 -0.237607 -0.181054 0.097029 -0.130941 -0.067114 0.026440 0.041322 0.008509 0.062533 0.024572 0.056180 0.084450 0.011111 0.032660 -0.184799 -0.270250 0.060709 -0.025767 0.006497 0.083828 0.010716 -0.061340 0.109686 0.053737 0.147543 -0.005963 -0.134385 -0.077973 0.049197 0.120968 0.038733 0.091338 0.153887 -0.006551 0.038337 0.035182 0.002118 -0.018969 0.113295 -0.416441 0.038925 -0.070868 -0.004839 0.042066 0.221646 -0.038984 0.110286 0.116805 0.135429 0.147763 0.180404 -0.062501 -0.142312 0.055153 -0.063606 -0.129696 -0.131524 0.020118 -0.306507 -0.071525 -0.171765 -0.040226 0.064426 -0.242066 0.092795 -0.020999 -0.046437 0.021435 -0.089000 -0.018173 0.006703 -0.088427 0.047355 0.031206 0.471322 -0.266614 -0.037037 -0.137304 -0.316583 -0.181499 -0.187753 0.097286 -0.027733 -0.015551 0.145864 0.168275 0.093747 -0.165962 0.279505 0.071676 0.116943 0.039673 -0.289208 -0.134594 -0.183383 -0.018111 0.193137 -0.048046 -0.247794 0.059279 -0.094038 -0.064340 0.149724 0.061473 -0.010339 0.094622 0.199638 0.202407 -0.262144 0.066065 0.173395 0.087270 -0.437058 0.204301 0.122366 -0.057392 0.103624 -0.014687 0.055187 -0.182633 0.085849 0.016030 -0.243418 0.061287 -0.143259 -0.119486 -0.044912 -0.191432 -0.056722 -0.145324 0.156220 0.014254 -0.036001 0.085253 -0.230889 0.236987 -0.089252 0.124535 -0.107538 -0.279127 0.072442 -0.117158 -0.016245 -0.038667 0.064877 -0.000592 0.061479 0.013286 -0.109401 0.079852 -0.040381 0.015864 -0.058683 0.193768 0.019132 0.014591 -0.152953 0.101906 -0.044470 0.117606 -0.059270 0.197717 -0.239806 0.131673 -0.080070 0.119208 0.105632 -0.153016 0.284544 -0.013107 0.351100 -0.473376 0.059830 -0.234309 -0.133570 -0.128949 0.075043 -0.115824 -0.003353 -0.019319 0.036288 -0.072323 0.027204 -0.081697 -0.233602 -0.084944 0.061916 -0.024054 0.024530 0.017852 -0.024633 -0.043683 -0.052981 0.009968 -0.123052 0.095855 -0.044497 -0.074079 0.013969 0.034157 0.087653 0.074576 0.030320 0.096894 0.024656 -0.151082 0.237424 -0.048744 -0.023801 -0.059909 -0.181469 0.044613 0.206156 -0.053587 -0.165912 0.206519 -0.049211 0.025595 0.070423 -0.051176 -0.357432 0.212396 0.048859 0.144632 0.146849 -0.048784 -0.188241 -0.135013 -0.119660 0.007271 0.157512 -0.271043 0.100170 0.073128 0.028889 -0.011618 -0.218031 0.192535 -0.009563 0.080500 -0.131350 0.042797 -0.125412 -0.121686 0.127626 0.073554 -0.101327 0.010150 -0.025637 -0.161892 -0.108286 0.054530 -0.074358 -0.170767 0.092230 -0.244544 0.003606 -0.093547 -0.014796 0.191276 0.076485 -0.016782 0.148067 -0.137928 0.101418 -0.216269 -0.045189 -0.054066 0.139149 0.037567 -0.048361 0.109165 0.105449 0.026623 0.009572 0.011111 -0.108715 0.005153 -0.010608 -0.241030 0.126801 0.192665 -0.036698 0.123800 0.283159 0.110376 -0.133832 -0.035872 -0.220605 0.157201 -0.189008 0.170318 0.218174 0.105947 -0.005727 0.091039 0.086653 0.173580 -0.012032 0.493964 -0.233592 -0.079862 0.032444 0.195134 -0.017253 -0.272915 -0.003025
-0.291574 -0.161676 -0.157186 0.199545 0.176199 0.061407 0.146809 -0.073696 -0.059176 -0.065113 -0.217971 0.044769 0.047514 -0.208824 -0.141920 -0.190140 -0.016677 0.346463 -0.304072 0.089131 0.052912 0.287578 -0.066711 0.177560 0.035034 -0.098986 0.033381 0.309850 0.264071 0.132249 -0.187680 -0.015867 -0.132257 0.187081 -0.194702 -0.037846 0.213802 -0.085968 0.392345 0.054199 -0.012088 0.169744 -0.143629 -0.014982 -0.190987 0.005682 0.085670 0.082447 -0.158523 0.111392 0.026807 0.069366 0.030026 0.028658 -0.122000 0.081273 0.035018 0.033090 0.065679 -0.112333 -0.020634 0.119965 -0.196448 -0.372539 0.066357 0.298274 -0.087566 0.050311 -0.024830 0.107015 0.002866 0.175617 0.283994 0.018515 -0.055259 -0.180439 -0.004238 -0.224517 -0.331301 -0.220608 0.128894 -0.249910 -0.055571 -0.274759 0.144012 -0.213529 0.054653 -0.183774 -0.027235 -0.138428 -0.002192 -0.030071 -0.114787 0.094258 -0.175102 0.024427 -0.121775 0.158312 0.057483 -0.223098 0.292686 -0.262987 -0.002163 0.025477 -0.133862 -0.018266 -0.168201 -0.238269 -0.126499 0.137703 0.293134 0.025396 0.018389 -0.055600 0.134789 -0.070416 -0.096530 0.246666 -0.082592 -0.147548 0.127228 -0.174251 -0.041560 0.175436 0.081644 -0.153527 0.088419 -0.110782 0.395086 0.108817 0.311106 0.090558 0.005966 0.284835 0.333844 -0.296937 0.022164 -0.066225 -0.251626 0.392909 0.050520 0.146881 -0.076066 0.024416 -0.067223 -0.238073 -0.266152 -0.004394 -0.021067 0.357909 -0.073840 0.115274 0.063563 0.212110 -0.174584 0.014646 -0.094578 -0.296821 0.007306 0.159271 -0.032355 0.115690 0.318288 -0.043302 0.002515 -0.096485 -0.100846 -0.066759 0.108252 -0.102744 -0.156714 -0.043529 0.019588 -0.033367 -0.018810 -0.015085 -0.016998 0.073671 0.067493 0.097072 0.229129 0.108359 -0.166646 0.233495 -0.169580 0.017019 0.093864 -0.017372 -0.318654 -0.084761 0.141808 -0.075509 -0.046813 0.119439 0.112567 0.167500 0.289150 0.114386 0.235763 -0.230052 -0.015235 -0.154823 0.180026 -0.122189 -0.094986 0.109294 0.021487 0.052788 -0.409448 0.030213 -0.229770 -0.042111 -0.153165 -0.231702 0.159589 -0.164647 -0.290231 -0.502374 0.082682 -0.059011 -0.082124 -0.084041 -0.118082 0.045532 -0.438525 -0.372052 -0.042505 -0.244713 -0.059243 0.190156 0.310595 -0.168194 0.154750 -0.074529 -0.108236 0.191916 0.015653 0.048691 0.286877 0.021367 0.035391 -0.016472 0.138093 0.031644 -0.009634 0.182634 -0.266131 0.072031 -0.069633 0.001425 -0.165243 0.105108 -0.064059 0.017290 0.129514 -0.238967 -0.054749 -0.058961 -0.210954 -0.199560 0.042460 0.041376 0.033499 0.056569 0.073682 -0.276817 -0.015844 0.155918 -0.086239 -0.143454 0.197243 0.233401 0.058154 -0.082907 0.374560 -0.048609 -0.000766 0.109315 -0.193438 0.239494 0.132857 -0.048327 0.066175 0.095171 0.042405 -0.154880 -0.191105 -0.000753 -0.274414 0.001010 0.004966 -0.113244 -0.154106 -0.056295 -0.374202 -0.098116 0.002747 -0.066426 0.233894 -0.352997 -0.035611 0.095167 0.249482 -0.200367 0.222598 -0.040465 -0.069217 -0.015645 -0.025762 0.226674 0.064752 -0.045229 0.014175 -0.239002 0.139293 0.322490 0.006050 -0.099638 0.007237 -0.000744 0.177007 0.196699 -0.283365 0.066222 0.134642 0.104737 -0.139276 -0.056655 -0.118690 0.172257 -0.025490 0.348902 -0.015448 0.198516 -0.090401 -0.130044 -0.135600 0.036118 -0.040079 0.033582 0.014527 -0.200848 -0.053137 0.215574 -0.009229 -0.180267 -0.104828 0.495253 -0.001065 -0.108539 -0.246866 -0.118447 0.120872 -0.081725 0.112212 -0.020869 -0.338501 -0.030297 0.344320 0.075696 0.020981 0.070502 0.318228 -0.119213 0.357301 -0.074915 0.202757 -0.086776 -0.060261 0.039336 -0.033999 -0.093172 -0.026319 0.316898 0.377023 -0.116468 0.081075 0.244296 0.275129 0.005698 -0.241664 -0.027630 0.055186 -0.022722
-0.059989 0.185195 -0.118615 0.274989 0.083585 -0.079712 0.290300 -0.003551 0.203434 0.362537 -0.123392 0.008537 0.119649 0.152905 -0.077280 -0.068068 -0.031531 -0.079861 0.109250 0.110332 0.018644 0.161970 -0.143093 -0.029675 -0.167078 -0.193365 0.027061 0.292658 -0.002697 -0.030685 0.082832 0.077712 0.016478 -0.005432 0.087751 -0.069657 0.118251 -0.111090 -0.043251 -0.065722 -0.090367 0.298709 0.125536 -0.010093 -0.065489 -0.078098 0.091082 0.137289 -0.145456 0.093628 -0.042441 0.152907 -0.158268 -0.156789 0.135644 0.115834 -0.156496 -0.330446 -0.024003 -0.155214 -0.212586 0.095702 0.009866 -0.151567 0.090483 -0.231499 -0.485400 -0.012376 0.091383 0.028700 0.026408 -0.256280 -0.000204 -0.150851 0.131386 -0.125485 0.137162 -0.172256 -0.040182 0.157597 0.033990 -0.167412 0.198301 0.056697 0.140930 0.088081 0.053802 -0.080502 -0.073962 -0.286702 0.031862 -0.015739 0.044924 -0.013350 -0.091524 -0.000173 -0.010323 0.294107 0.139205 -0.113819 0.072086 -0.250439 0.224600 0.116792 -0.208264 -0.223474 0.175899 -0.122075 0.205872 0.127821 0.344556 -0.026395 0.147562 -0.057862 0.011284 -0.114297 -0.403167 -0.153138 0.131000 -0.000136 -0.135677 0.074990 -0.194759 0.081529 -0.037140 0.056227 0.208947 0.057352 -0.104671 0.121727 0.049723 -0.109143 -0.109121 0.155687 0.177811 0.093624 -0.114583 0.024188 0.111878 0.066112 -0.158313 0.354979 -0.037154 0.050017 -0.037944 -0.081199 -0.100542 -0.047752 0.071475 -0.231326 -0.086742 0.473004 0.163486 0.309656 -0.004678 -0.306083 -0.288175 0.045275 -0.015889 -0.013892 -0.009653 0.056537 0.033898 -0.117072 0.022082 0.137147 -0.187409 0.001525 0.029996 -0.259604 0.035890 0.066741 -0.022724 -0.220493 -0.220953 -0.128135 0.240819 -0.194688 0.043137 0.073628 0.036304 0.015212 -0.032201 0.110028 -0.104817 -0.064889 0.102510 -0.165195 0.105036 -0.425980 0.206399 0.142883 -0.231317 0.139827 -0.206965 0.370073 -0.137695 0.244541 -0.000578 0.202952 0.036478 -0.253757 -0.114132 -0.010529 -0.172977 -0.236499 -0.255067 -0.186694 -0.232374 -0.120204 0.003663 -0.136174 0.026959 -0.024323 0.158044 -0.051892 -0.181592 0.026105 -0.054172 -0.119090 0.081417 0.026701 -0.212777 0.067799 -0.090971 0.021607 0.107551 -0.132649 0.023092 0.138206 -0.080404 -0.052414 -0.146883 0.412508 0.136020 -0.200732 -0.027757 0.068585 0.013572 0.102640 0.114473 -0.165555 0.305296 -0.059090 -0.137872 0.034481 0.227140 0.355221 -0.467684 0.126697 -0.142988 -0.069329 -0.314530 -0.152421 0.080276 0.065472 0.036481 -0.151488 0.012706 -0.059407 -0.059564 0.055896 -0.114801 0.245755 0.031077 -0.287498 0.037085 0.104651 0.129078 -0.110020 -0.009091 0.034252 0.014698 0.205739 0.046172 -0.112019 0.128789 0.286607 0.119136 -0.117172 0.018724 -0.051260 0.074685 0.208027 0.024479 -0.111426 -0.120187 -0.178023 -0.052913 -0.146234 -0.076850 0.074412 0.156139 -0.033958 -0.140122 -0.270557 -0.045194 -0.336615 0.157116 -0.228238 0.095319 0.146295 0.136619 -0.069392 0.055878 0.075329 0.013614 0.030272 -0.013185 0.146130 0.161222 -0.125495 -0.031174 -0.139933 0.177709 0.082147 -0.040165 0.086673 0.125392 0.126405 -0.185246 0.356088 -0.051437 -0.097233 0.040681 0.275370 -0.306729 -0.064057 0.068460 -0.240275 -0.097479 0.290043 -0.033001 -0.138573 -0.129596 -0.027014 0.224171 0.168952 -0.169779 -0.063167 -0.175580 -0.049858 -0.045233 0.117919 0.149980 0.116501 -0.074054 0.203844 0.115621 0.023277 -0.148313 -0.034773 -0.058935 -0.024218 0.115552 0.262977 -0.094171 0.155427 0.035849 0.122999 -0.077759 0.149749 -0.193855 -0.123892 0.033187 -0.198471 0.086645 -0.278241 0.155332 -0.117034 0.028975 -0.175841 -0.043551 -0.172048 0.074509 -0.026410 0.502418 0.191770 0.122874 -0.431570 -0.005170 0.234523 -0.013980 -0.047068
0.192723 0.230376 -0.103165 0.067768 0.189081 0.037216 -0.265569 0.251844 -0.135918 -0.495101 0.286789 -0.129611 0.202968 0.240219 0.201450 0.275971 0.067435 0.045236 0.048560 -0.142960 -0.259817 0.358675 -0.080955 -0.170597 -0.406634 0.052981 -0.358212 0.313180 0.180240 -0.248774 -0.119743 0.218795 -0.063088 0.353377 0.058311 -0.104038 0.159710 -0.159239 -0.265703 0.194244 -0.306883 0.005737 -0.120798 0.337480 -0.360826 -0.005056 0.081001 -0.074637 0.097748 0.388957 0.020172 -0.267361 0.125073 0.009134 0.281987 0.099759 -0.099432 -0.338980 0.064841 0.004201 -0.028937 -0.142126 -0.407860 -0.139026 -0.233572 0.042489 -0.226464 0.063045 0.006959 -0.060084 -0.257835 0.055280 -0.138551 -0.214327 -0.165192 -0.120094 0.040605 0.062348 0.372168 -0.429748 -0.149004 0.188065 0.022046 -0.169872 0.346746 -0.655662 -0.125658 -0.118225 -0.211711 -0.349344 0.269742 0.175004 -0.500836 0.051226 -0.207920 0.015023 -0.182823 -0.020964 0.192365 -0.095284 0.379128 0.111938 0.155150 -0.316400 0.083085 -0.055061 0.227851 -0.414064 0.170469 0.127156 0.111185 -0.081927 0.043707 -0.185021 -0.186415 -0.561295 -0.177290 0.037530 0.186194 -0.076577 -0.146374 -0.216296 -0.055453 0.252397 -0.448333 -0.035353 0.116218 -0.278321 0.030391 -0.004558 -0.266426 0.120334 -0.240014 0.108181 0.014383 -0.240076 0.199605 0.197704 0.192372 -0.053571 0.232704 0.253842 0.290810 -0.038347 0.352069 -0.416695 0.293668 -0.421118 0.016939 0.084878 -0.087440 0.265557 0.614987 0.111182 -0.078742 -0.151284 0.087807 -0.192811 0.262382 0.008970 -0.012705 0.001300 -0.339515 0.019721 0.040619 -0.223381 0.119639 -0.411181 0.240149 -0.188811 -0.126517 -0.172742 -0.011253 -0.296104 0.028580 -0.047035 -0.012907 -0.421477 0.018042 0.167421 0.199781 0.161841 -0.283966 0.172658 -0.089162 -0.036064 -0.228425 -0.001650 0.270199 -0.236861 0.215804 0.197718 -0.041988 -0.147595 -0.463253 -0.073161 0.253220 0.266093 0.182376 -0.025462 0.032476 -0.172255 -0.127009 0.250999 -0.115344 0.122368 -0.194498 0.064174 -0.205913 0.131751 0.024902 0.221856 0.227572 0.141666 -0.151420 -0.071854 -0.212180 -0.267624 -0.041195 0.040112 0.106170 -0.094320 0.139082 0.218077 -0.105490 -0.483247 0.065454 -0.207150 0.431225 0.163701 0.101547 -0.168229 0.236037 -0.204443 0.086643 0.453342 -0.303296 0.209872 -0.103812 -0.289621 -0.235569 -0.224185 0.245734 0.072528 0.254767 0.270046 0.132378 0.127681 -0.164312 0.091519 -0.194196 -0.183199 0.486765 0.084793 -0.024680 0.387931 -0.011277 -0.473374 -0.034047 -0.034926 0.219276 -0.099309 -0.038467 0.216590 0.327831 -0.294496 0.158158 -0.212523 0.106516 -0.246369 -0.281607 0.012768 0.183849 0.069824 0.138850 -0.128294 0.127365 0.095249 -0.085233 0.151414 0.343980 -0.025247 -0.242340 0.138192 -0.014427 -0.163128 -0.084764 -0.252798 0.069779 -0.069835 -0.069957 0.124597 -0.057713 -0.112463 -0.168769 0.033148 0.016781 -0.142015 0.192954 -0.174616 -0.119143 0.103409 -0.152967 -0.338812 0.296358 0.020317 0.261982 0.326228 0.237434 0.160845 0.201583 -0.005704 -0.012997 -0.150349 0.174561 0.253963 0.027692 0.075531 0.149439 0.048566 0.264003 -0.018663 -0.398116 0.111214 0.326175 0.138862 -0.057471 -0.011188 -0.274803 0.431594 0.009577 0.372734 -0.318614 -0.005774 0.194838 -0.049563 0.207797 -0.011165 -0.164181 0.312078 0.097969 -0.044588 -0.070673 0.073621 0.157396 -0.291232 -0.092946 0.109076 0.168468 0.049221 0.133487 0.009022 -0.235944 0.067484 0.002599 0.238932 0.160934 0.145591 0.292476 0.112382 0.120578 0.189890 -0.156183 -0.088837 -0.177122 -0.107001 -0.175417 0.137893 0.104132 -0.499304 0.283676 0.018463 0.072849 -0.396784 0.191808 -0.143182 0.199318 0.064590 0.378531 -0.022417 -0.050485 0.032879 0.150962 -0.201854
0.013572 0.463137 0.015737 0.030308 0.052097 0.164743 0.171140 -0.198759 0.088694 -0.122695 -0.034257 -0.179968 0.271764 -0.116430 0.009717 0.074755 -0.076996 -0.367184 -0.007247 -0.157688 -0.104348 0.057694 0.166284 -0.006093 0.068532 -0.236892 0.002524 0.206136 0.076123 -0.226835 -0.093058 0.192163 -0.064047 0.081384 0.171975 -0.040414 0.069129 0.128053 0.054405 0.296254 -0.012127 0.014561 0.286390 0.279492 0.080095 -0.087059 -0.008239 -0.053427 0.050959 0.004699 -0.013109 0.143337 -0.028250 -0.200386 0.128935 0.114633 -0.156583 -0.145057 0.142723 -0.155820 -0.000375 0.145114 -0.087778 -0.208207 0.173313 0.026286 -0.507302 -0.138958 -0.158498 0.271043 0.330573 0.032258 -0.148098 -0.270971 0.330980 -0.148366 0.200415 -0.256977 0.149207 0.210173 -0.035288 -0.152930 0.067174 0.213519 -0.148538 -0.236710 0.201789 -0.097747 0.137019 0.231615 -0.110909 -0.303225 -0.272263 -0.004920 -0.034258 0.035218 -0.147655 -0.244263 0.081329 0.109551 -0.232646 -0.060983 0.122181 0.065422 -0.308134 -0.310326 0.125528 0.289407 0.123556 -0.183970 0.386881 0.378582 0.345888 0.020612 0.182372 0.136223 -0.434121 -0.437260 0.058532 -0.078749 0.013589 0.342304 -0.065225 -0.076902 0.031046 0.197756 -0.113290 -0.008278 -0.219195 0.124687 -0.200949 -0.144885 -0.038089 0.052707 0.124279 -0.177813 0.002237 0.140000 0.206860 -0.095009 -0.337543 0.084649 0.054927 -0.259396 0.140060 0.144581 -0.202170 0.144964 -0.070348 -0.608833 -0.341700 0.499572 0.036286 -0.105803 0.360399 0.163424 -0.346467 -0.328129 0.368941 -0.165170 0.022173 -0.149494 -0.092873 -0.061325 -0.133719 0.071426 -0.109272 0.323635 -0.002279 -0.024370 0.040384 -0.027742 -0.049543 0.213321 -0.053836 -0.363173 -0.058424 0.024362 0.038865 -0.104998 -0.043750 -0.418086 -0.066550 0.172341 0.360702 -0.000297 0.066345 -0.276732 -0.030874 -0.444053 -0.039670 -0.048258 -0.018739 0.003611 0.004701 0.417306 -0.489146 0.185777 -0.023025 0.324628 -0.144166 0.086535 -0.113917 -0.011224 -0.271269 -0.189184 -0.015895 -0.029238 0.100101 -0.064350 0.318943 -0.053804 -0.071611 0.186438 0.089962 -0.124670 -0.311939 0.099771 -0.259450 -0.164358 -0.052254 0.026471 0.008399 0.126938 0.433306 -0.047687 -0.156885 0.090770 0.342836 -0.117351 -0.060518 -0.252706 0.146088 0.075021 0.078525 0.021323 0.291026 -0.129228 -0.270601 -0.059952 0.077171 -0.167876 -0.042485 0.127925 0.144523 0.222113 0.131485 0.353188 -0.492036 0.118267 -0.342668 0.073291 -0.530236 0.003139 -0.194833 0.057794 0.098693 -0.557127 0.107479 -0.013059 0.084421 0.012416 -0.170189 0.085256 0.064829 -0.221091 0.223835 -0.162488 0.221271 0.157270 -0.126770 0.027347 -0.124618 -0.229354 -0.033995 -0.136601 -0.007803 0.458744 0.155147 0.112478 0.017457 0.030801 -0.182488 0.473970 -0.004321 0.072786 0.008832 -0.244554 0.155976 0.094869 -0.050928 -0.107559 0.166746 -0.101366 0.422298 0.101400 -0.015340 -0.378231 0.266148 -0.239087 0.442778 0.119659 -0.455112 0.204838 -0.166810 0.121615 0.546102 -0.120443 -0.098079 0.179375 -0.037818 0.071927 -0.006514 -0.186969 0.477159 -0.243457 0.171213 0.338652 0.256973 0.150528 -0.039553 -0.086501 -0.161529 0.073388 -0.211832 -0.085208 -0.079264 0.062196 -0.064181 -0.030807 0.117738 0.262269 -0.237409 0.067895 -0.296911 -0.091095 0.152148 0.135377 -0.021060 -0.165806 -0.087469 0.249025 -0.227382 0.096283 0.141386 0.232266 -0.341351 0.068926 0.391460 0.022046 -0.461252 -0.256206 0.063602 0.048312 -0.172166 0.046743 -0.183053 -0.139297 0.281305 0.103015 -0.048480 0.129296 0.147167 0.335266 -0.173589 -0.212521 0.333031 -0.253422 -0.142818 -0.048010 0.171307 -0.200063 0.214959 -0.373855 0.233225 -0.038187 0.493733 0.210350 0.321607 0.220111 -0.224960 -0.119283 -0.204847 -0.484130
0.247249 -0.004649 -0.074255 -0.006190 0.137880 -0.088136 -0.260914 0.284332 0.033871 -0.526315 0.137437 -0.191820 0.130899 0.138765 0.147420 0.330333 0.034285 -0.031527 -0.204506 -0.012586 -0.412962 0.226608 -0.026034 -0.129905 -0.549110 0.164052 -0.107900 0.346793 0.008297 -0.089585 0.061487 0.289379 -0.254442 0.326471 -0.210968 -0.016460 0.268308 -0.005247 -0.236605 0.129552 -0.167789 0.032864 -0.228845 0.091082 -0.196078 -0.077575 0.059722 -0.025001 0.077757 0.256408 0.038036 -0.141134 0.088222 0.203038 0.371933 0.078456 -0.017104 -0.103584 0.116297 -0.082092 -0.038774 0.158163 -0.129380 -0.158242 -0.086459 0.123709 -0.144075 -0.014741 -0.351886 -0.049800 -0.210384 0.173634 0.002107 -0.307843 -0.294539 -0.135175 0.092016 0.080205 0.306034 -0.320226 -0.086212 0.096221 -0.219401 -0.193727 0.330409 -0.354417 0.106169 -0.279541 -0.174215 -0.223791 0.363360 -0.094032 -0.451815 0.075657 -0.185984 0.035254 -0.316161 0.042890 0.354002 -0.248840 0.286694 -0.041835 -0.225155 -0.416520 0.158565 -0.013995 0.219285 -0.411439 0.360200 0.175301 -0.064724 -0.253938 0.216000 -0.107467 -0.317050 -0.621385 -0.130342 0.215895 0.151682 -0.093487 0.111092 -0.259103 0.009835 0.185471 -0.351523 -0.090664 0.071205 -0.189017 -0.261883 -0.003254 -0.287230 0.003368 -0.142992 0.371822 0.013557 -0.274154 0.053227 0.268307 0.053663 0.060821 0.145654 0.230349 0.230005 -0.174000 0.215287 -0.397627 0.244534 -0.241061 0.299324 0.063462 0.020809 0.207030 0.354507 0.049326 -0.209495 -0.044102 -0.032041 -0.363668 0.124049 0.047834 0.005819 -0.134226 -0.245179 -0.090355 0.003489 -0.154426 0.059044 -0.130500 0.121836 -0.281917 -0.060116 -0.339384 0.018506 -0.211059 0.182633 0.010645 0.059578 -0.145176 -0.076359 0.116512 -0.116136 0.183734 -0.408575 0.234441 0.011234 -0.056473 -0.453711 -0.355805 0.196500 -0.156249 0.427758 0.305696 -0.159166 0.061471 -0.365884 -0.173690 0.118143 0.055878 0.147518 0.106922 0.268560 -0.157107 -0.238624 0.109368 -0.147893 0.061670 -0.128298 0.212593 -0.222530 0.060288 -0.148735 0.466474 0.239224 -0.094172 -0.060821 0.072275 -0.335679 -0.056414 0.030204 0.122261 0.148899 -0.206825 0.231718 0.421904 -0.049825 -0.460119 0.109120 -0.245092 0.318682 0.057811 0.028584 -0.185536 0.311495 -0.320297 0.110044 0.338502 -0.329746 0.128611 0.028439 -0.352693 -0.023678 -0.032836 0.060748 -0.030728 0.216826 0.212840 0.143268 0.066993 -0.095419 0.107172 -0.363016 -0.217152 0.628990 -0.152347 0.150893 0.142172 -0.016356 -0.459784 -0.067741 0.042697 0.331897 -0.074192 0.052848 -0.008963 0.222042 -0.131971 0.184928 -0.103514 0.129733 -0.215713 -0.215850 0.120357 0.145625 0.111904 0.123145 -0.015725 0.062985 0.070220 -0.202364 0.193256 0.555034 0.133753 -0.424483 0.212766 0.020293 -0.365435 -0.251100 -0.059584 0.125201 -0.198815 -0.050292 -0.111432 -0.166251 -0.044331 -0.148732 0.001035 0.039138 -0.095505 0.273755 -0.206192 -0.231496 0.083471 -0.018611 -0.229101 0.051598 0.198401 -0.158894 0.209189 0.174866 0.053033 0.140772 0.084077 0.013420 -0.207889 0.102720 0.264950 0.158815 0.121264 0.336741 0.000982 0.040095 -0.333706 -0.506111 0.204489 0.198613 0.002233 -0.290710 -0.185926 -0.316043 0.222559 -0.143257 0.347245 -0.265700 0.299254 0.052057 -0.009010 0.118617 0.105547 -0.105468 0.429826 0.130215 -0.081443 -0.158694 0.297049 0.112358 -0.245621 -0.209490 0.024001 0.210516 0.026620 0.122720 -0.175380 -0.221708 0.023353 0.147064 0.279913 -0.011633 0.266432 0.365274 0.048410 0.191235 0.288923 -0.124451 -0.126342 -0.286699 -0.088559 -0.118938 0.289836 0.198705 -0.521847 0.395886 -0.000945 0.177139 -0.659450 0.003979 -0.028537 0.127535 0.084205 0.384854 0.166674 0.279955 0.043431 -0.053265 -0.365817
-0.326608 -0.316881 -0.147919 -0.395170 0.212452 0.145527 0.032940 -0.277579 0.092233 -0.273187 0.238573 -0.321634 0.090201 -0.341594 -0.289433 0.345846 0.320836 -0.037177 0.157449 -0.281494 0.183999 -0.011036 -0.284025 0.011871 -0.253698 0.184815 -0.217319 0.645403 0.111367 -0.101492 -0.346993 -0.177323 -0.144967 0.210485 -0.206422 -0.206527 0.578578 -0.088784 0.241706 0.098559 -0.032642 0.394880 -0.230598 -0.158443 -0.056628 -0.260703 0.088163 -0.157904 -0.178219 -0.016165 0.033846 -0.069279 0.087006 0.184820 0.502154 0.065141 0.175074 -0.052318 0.008554 0.267967 -0.492199 0.305258 0.311085 -0.334081 -0.012885 0.298562 -0.051446 -0.181628 -0.226241 0.116453 -0.041120 -0.092921 0.361278 -0.138006 0.046468 -0.313314 0.079460 0.029150 0.576363 0.165637 -0.000135 -0.265688 0.064660 -0.245722 0.442161 -0.198814 0.372710 -0.186956 -0.133791 -0.191983 -0.064344 -0.416487 -0.117720 0.230838 -0.051752 0.027433 -0.286418 -0.154384 0.166025 0.243318 0.158614 -0.137736 0.487068 0.237947 -0.094427 -0.064274 0.123467 -0.494013 0.181588 0.040289 0.223254 -0.133992 -0.281335 -0.021973 0.449839 -0.692983 -0.043000 0.286782 0.346381 -0.010106 -0.184203 -0.296672 -0.002951 0.099368 -0.200349 -0.638518 0.366430 -0.617790 -0.173084 -0.293597 -0.027776 0.086800 -0.112187 0.253688 0.405672 0.224414 -0.210759 0.070683 -0.132225 -0.137038 -0.017344 0.174856 -0.019812 -0.010929 0.464413 -0.437406 -0.216114 -0.183590 0.528868 -0.180083 0.065231 0.085014 0.656943 0.061863 0.182369 0.051264 0.249616 -0.507776 0.301972 -0.126873 -0.004601 -0.442263 -0.155985 -0.114824 0.342008 -0.036915 -0.091293 -0.112195 0.383929 -0.410837 -0.204383 0.065842 0.009809 -0.804674 0.342692 -0.015595 -0.256002 0.221143 0.168867 0.187803 -0.117247 -0.045867 -0.754294 0.272416 0.088709 0.534974 -0.972865 -0.057001 0.096593 -0.074369 0.234427 -0.292569 0.187173 0.090601 -0.408235 0.162207 0.194405 -0.169775 0.580959 0.120172 0.385987 -0.212475 0.162159 -0.001551 -0.288333 0.330335 0.141283 0.049096 -0.474946 -0.087674 -0.459749 0.008101 0.266995 0.162719 0.082291 -0.051470 -0.470608 -0.349960 0.127900 -0.035839 0.026089 0.157977 0.166572 0.055451 -0.153234 -0.490279 0.081717 -0.342469 0.146677 0.274580 0.235191 -0.559758 0.076414 -0.107432 0.108461 0.199586 0.104672 0.234643 0.204169 -0.080866 0.223066 0.086680 -0.210452 0.031027 0.254286 0.265722 0.019396 -0.013582 -0.041435 0.013517 -0.232737 -0.127610 0.115143 -0.206008 0.222452 -0.072470 0.269675 -0.500234 0.246600 -0.151939 0.242849 -0.208695 -0.074792 0.089916 0.533336 0.067113 -0.280069 -0.327811 0.201914 -0.149806 -0.043704 0.487789 -0.039867 0.241219 0.456488 -0.196913 0.162833 0.138174 -0.030588 0.191231 0.084215 0.254936 0.000105 -0.062955 -0.334801 -0.561238 -0.169287 0.269917 -0.056776 -0.190935 -0.029511 0.019330 -0.271182 -0.243276 -0.565057 -0.284933 0.143577 -0.028462 0.381446 -0.378185 -0.229333 0.066600 -0.034214 0.219689 0.559461 0.472999 -0.197303 0.090807 0.393241 0.725599 0.524961 0.116317 0.005444 -0.279807 0.153812 0.253162 0.015227 -0.197640 0.001925 0.580310 0.320512 -0.051667 -0.353474 0.428818 0.117997 -0.166477 -0.059536 -0.283935 -0.340707 0.363376 -0.271308 0.468559 -0.252842 -0.215327 0.077966 -0.085999 -0.012186 0.204072 -0.640589 0.196533 -0.066620 -0.060023 -0.231740 -0.076552 0.075541 -0.424438 -0.495356 0.385077 0.124648 -0.215348 -0.035145 -0.064781 0.242772 0.207700 -0.146159 0.307334 0.257491 0.229782 -0.112856 0.094292 0.298151 -0.224099 -0.120446 -0.132583 -0.125480 -0.014075 0.448183 -0.106551 -0.193990 -0.381212 0.321499 -0.175725 0.002892 -0.199073 0.092974 0.177894 0.048951 0.195659 0.118432 -0.257406 -0.125925 -0.342799 -0.169511 -0.518977
0.202556 0.065351 -0.124508 0.293939 0.247079 -0.132591 0.004480 0.216364 0.064933 0.122959 -0.198636 -0.270797 0.320268 0.485714 0.061291 0.015279 -0.316196 -0.020912 -0.407794 -0.009993 0.009096 0.246499 -0.247430 -0.098569 -0.277689 -0.031495 0.202531 0.264572 0.145501 0.231631 -0.138753 -0.004667 -0.213323 0.188330 -0.033244 -0.166663 0.136399 -0.107729 -0.169057 -0.333971 -0.428782 -0.093466 -0.240171 0.123315 -0.171944 0.395801 0.109768 0.205849 -0.061166 0.275076 0.018618 0.029372 0.288088 -0.086904 -0.013442 0.057931 -0.008951 0.118642 0.166861 -0.136876 -0.007224 0.249837 0.040044 -0.098389 -0.030506 0.100471 -0.059346 -0.403663 -0.236618 -0.152073 -0.212701 0.218037 0.063987 -0.134526 -0.200077 -0.113992 -0.034265 -0.247477 0.270086 -0.453364 -0.036647 -0.128168 0.163430 -0.330193 -0.025971 -0.198423 -0.073342 -0.125903 -0.250103 -0.333924 0.071236 0.072518 -0.139639 -0.139107 -0.140685 0.010906 0.111087 0.464714 0.200752 -0.146647 -0.098978 -0.127649 0.017902 0.117358 -0.156203 0.174290 -0.170892 -0.380053 -0.066496 -0.102840 0.141859 -0.236767 -0.016419 -0.253157 0.165466 -0.067243 -0.043782 0.258040 -0.045837 -0.081540 -0.033417 -0.146439 0.000989 0.137873 -0.147757 -0.029965 0.206808 0.176543 0.140623 0.294783 0.122024 -0.092466 -0.329271 0.124529 0.294698 0.160576 0.071182 0.024677 0.187005 0.001804 0.153395 0.121531 0.106108 -0.214528 -0.019228 -0.063555 -0.363428 0.196663 0.014236 0.106300 -0.264432 0.058090 0.254179 -0.051371 -0.274039 -0.313327 0.137478 -0.379870 -0.222477 -0.164873 -0.024819 0.206055 -0.292589 -0.153326 0.320457 -0.127752 -0.121929 -0.345983 0.285610 -0.128016 0.134539 -0.006561 0.008957 -0.163246 0.055151 -0.094173 0.420192 0.192587 0.026804 0.040310 0.266010 -0.131608 -0.032921 0.309824 0.148561 -0.216278 0.032337 0.065313 0.145250 -0.038613 0.081305 -0.064560 0.034924 0.144014 -0.039850 0.095849 0.168287 0.331865 0.198184 -0.400019 0.052763 -0.069493 0.086174 0.342037 0.171039 0.070335 0.038695 -0.009499 -0.242354 -0.160078 0.082472 0.100598 0.086425 -0.215522 0.390945 -0.139475 -0.311326 -0.683924 -0.296267 0.179419 0.268190 -0.204370 0.056887 0.596482 -0.111827 -0.285169 0.165858 -0.491933 -0.040388 -0.069384 0.201720 -0.368300 -0.165380 0.090497 0.128116 0.180548 -0.459702 -0.152214 -0.094838 0.090459 0.061236 0.011328 0.003156 0.428795 0.139081 0.218371 0.161957 -0.019326 -0.025393 0.006921 -0.113522 0.083088 -0.221944 0.263673 0.036814 0.117036 -0.071462 -0.273793 -0.021345 -0.072562 -0.002260 -0.075196 0.117712 -0.122204 -0.140648 -0.074277 -0.098015 0.195393 -0.135500 -0.098660 0.075469 -0.021167 0.139250 -0.268210 0.227347 0.108257 -0.107931 0.123466 -0.206303 -0.147325 0.474368 -0.103208 0.336024 0.286036 0.276360 -0.102682 -0.078777 -0.027377 0.000996 -0.057438 0.028807 0.139133 -0.275483 -0.296238 -0.106137 -0.102278 -0.000125 -0.041841 0.255229 -0.410238 -0.108916 0.079831 0.386541 -0.165982 0.381600 0.209402 0.096389 0.074388 0.184813 -0.170842 -0.043369 -0.148798 0.010512 -0.275101 -0.016795 0.404955 0.160448 -0.071017 0.021656 -0.213210 0.274324 0.029452 -0.149555 0.011349 0.303473 0.359449 -0.120894 -0.021569 -0.071236 0.369903 0.180519 0.459916 -0.011025 0.281830 0.124745 -0.192411 -0.062995 0.276852 -0.040937 0.143474 0.128624 -0.201811 -0.203814 0.333109 0.013324 -0.428491 0.054722 0.249764 -0.023422 -0.063752 0.209697 -0.236331 -0.158036 0.458331 -0.058733 0.303542 -0.047031 0.331343 0.388921 0.138468 -0.048440 -0.108797 -0.360357 -0.278447 -0.013380 -0.045061 0.224135 0.348807 0.134429 -0.084910 0.079575 0.109846 0.131746 -0.037106 0.354645 -0.387086 0.024396 -0.062400 0.340035 0.235290 0.174117 0.019278 0.266648 0.190390
0.214655 0.050886 -0.089793 0.124523 -0.145341 -0.157830 -0.032288 0.292893 -0.145628 0.008735 -0.107192 -0.153895 0.150154 0.039022 -0.101784 0.173813 0.103002 0.097601 0.161712 -0.028795 -0.078913 0.302041 -0.135267 0.039368 -0.183945 0.023701 -0.010617 0.343098 -0.010404 0.075774 -0.201373 0.081098 0.076148 0.122536 -0.056880 -0.303215 0.247400 0.088098 -0.268419 0.031722 -0.198365 0.119140 -0.006056 0.132333 -0.235594 -0.034457 0.068370 -0.048058 -0.058082 0.198920 0.022835 -0.206021 0.058083 0.127808 0.498710 0.087992 -0.113658 -0.241174 0.026227 0.033591 -0.103017 -0.109997 -0.185306 -0.163271 -0.105551 -0.187329 -0.317245 0.195275 -0.044714 -0.203590 -0.067853 -0.154737 -0.261301 -0.163406 0.139316 0.125342 0.059170 -0.052932 0.245888 -0.077808 -0.098160 -0.033782 -0.056682 -0.059420 0.172815 -0.442591 0.210423 -0.103518 -0.315464 -0.245307 -0.093603 0.131633 -0.326281 0.069119 0.029987 0.036462 -0.010763 0.015519 0.150951 0.113881 0.292917 0.114185 0.314636 -0.116893 0.075465 -0.163109 0.139302 -0.170222 0.284301 0.311907 -0.027549 -0.130809 -0.005479 -0.129704 -0.163642 -0.412147 -0.234152 0.098472 0.188857 -0.075982 0.055613 -0.190786 -0.087718 0.153355 -0.129853 -0.224861 0.355561 -0.354599 -0.149652 -0.098621 -0.173932 -0.088206 -0.031473 0.033922 0.213133 -0.085745 -0.198272 0.028150 -0.059198 -0.091440 0.013050 0.244640 -0.043338 -0.052415 0.319584 -0.317413 -0.024470 -0.285990 0.238952 0.022406 0.058291 0.313229 0.167378 0.048785 -0.010783 -0.130783 -0.184750 -0.313450 -0.014123 -0.216938 0.008607 -0.047865 -0.104399 0.138741 -0.122104 -0.100688 -0.041715 -0.016758 0.171923 -0.363551 0.020497 -0.201521 0.007051 -0.362700 0.194403 -0.131956 0.091897 -0.012652 0.016964 0.216829 0.096190 0.009187 -0.310072 0.226883 0.185099 -0.120990 -0.486169 -0.053083 0.089382 -0.320721 0.111104 0.069482 0.040946 -0.062148 -0.360539 0.011162 0.182264 0.099337 0.241427 0.120617 0.173574 0.005453 -0.299026 0.441480 -0.065509 0.081567 -0.040439 0.197556 -0.220905 -0.250666 -0.052181 -0.105492 0.323140 0.039303 0.063625 -0.055690 -0.258003 -0.184954 -0.185316 0.150160 0.198061 -0.158524 0.164061 0.010695 -0.083867 0.027172 0.008091 -0.289981 0.365992 0.103456 0.011437 -0.092309 0.086478 -0.140043 0.301871 0.064086 0.115584 0.174460 -0.149265 0.021835 -0.017155 -0.135943 0.182087 -0.154227 0.078038 0.404670 0.088543 0.156737 -0.215266 0.022837 -0.221625 -0.284898 -0.220098 0.229751 0.186586 0.373745 -0.105598 -0.181368 -0.010373 -0.146289 0.214447 -0.287040 -0.045337 0.110375 0.314434 -0.257126 0.212256 0.115729 0.176542 -0.023428 -0.286869 0.100139 0.122286 0.284163 0.124401 0.005483 0.174852 0.133154 0.023010 0.048027 0.145540 0.070584 -0.245311 -0.039888 0.201428 -0.157268 -0.069724 -0.103544 0.017978 -0.109629 -0.031281 -0.034809 0.027478 -0.103963 -0.177705 -0.207520 0.039354 -0.202834 0.191976 -0.070198 -0.011160 0.111936 -0.132046 -0.248039 0.158100 0.283014 0.078636 0.099124 0.188018 0.078180 0.064509 -0.042506 0.006327 -0.219179 -0.023962 0.185671 0.029995 0.033985 0.131368 -0.046464 0.351662 -0.259054 -0.155917 0.008949 0.283171 0.070156 -0.087222 -0.170363 -0.057301 0.167230 -0.157473 0.303537 -0.241171 -0.100113 0.044353 0.137134 -0.045096 -0.093158 -0.256159 -0.035278 0.005298 -0.049593 -0.155305 -0.120452 0.129195 -0.139874 -0.131842 -0.037437 0.242645 0.111924 0.075378 -0.057748 -0.148050 0.020030 -0.163232 0.124250 -0.003886 0.223927 0.145199 0.216695 0.000820 0.114088 -0.140160 0.003278 -0.192382 -0.140515 0.197401 -0.056077 0.092936 -0.300263 0.247271 0.064055 0.048995 -0.181682 0.164228 -0.282671 0.214737 -0.110633 0.174477 0.022443 0.013226 0.177178 0.024469 -0.328445
-0.218052 -0.033927 -0.147075 -0.333660 0.459066 -0.434220 0.069957 -0.141145 -0.111877 -0.066941 -0.039781 -0.053700 0.071522 0.043661 -0.010259 0.204821 0.003372 -0.345274 -0.294891 0.007247 -0.321150 0.028137 -0.287993 0.166000 0.148516 -0.097115 -0.095066 0.111164 0.134928 -0.244613 -0.041237 -0.146911 -0.146028 0.066762 0.026272 0.074593 0.063642 0.428169 0.153005 0.197716 -0.012506 -0.058720 -0.300131 -0.069157 0.102354 0.071971 0.125164 -0.063750 -0.082151 0.021514 0.015106 -0.063244 -0.111925 0.299032 0.398686 0.075666 -0.237451 0.060225 0.248520 0.003730 -0.023943 -0.186600 0.030422 -0.030224 0.097397 -0.337856 -0.041301 -0.194035 -0.416106 -0.019832 -0.240571 -0.026780 0.180861 -0.065990 -0.055725 -0.104093 -0.025405 0.275692 0.053251 0.328939 -0.140750 -0.163711 -0.195639 -0.172098 -0.202571 0.172499 -0.259362 -0.081627 -0.135399 0.009188 0.317428 -0.069166 0.006036 -0.156869 -0.093692 0.005629 -0.283595 0.130547 0.002868 -0.004119 0.115465 -0.151152 -0.105793 -0.043093 0.087365 0.142492 -0.406834 -0.121491 0.155491 0.032134 -0.220661 -0.213580 0.209628 0.002798 0.044766 -0.447930 -0.040483 0.311798 0.158903 -0.028423 0.216684 -0.260693 0.108161 0.227966 -0.224873 0.262231 -0.076757 -0.067420 0.259806 -0.187788 -0.113610 0.058416 0.047929 -0.066090 0.144424 -0.011649 0.188732 0.169184 -0.104472 0.026324 0.155614 0.024529 -0.017843 0.037999 -0.036422 0.067676 0.353435 0.101017 -0.038905 0.177056 0.315553 0.052723 0.152088 0.042634 -0.176925 -0.085540 -0.171051 0.208887 0.230287 -0.010763 -0.018236 -0.017130 -0.140700 0.058227 0.052926 -0.114071 0.021667 0.127094 -0.112209 -0.048123 -0.229502 -0.018986 -0.012460 -0.010849 0.015129 -0.124691 -0.140066 0.035745 -0.069766 0.066771 0.111112 -0.063726 -0.391538 0.175935 0.127773 0.268285 -0.143546 -0.058948 0.070047 -0.036427 0.131032 0.187855 -0.098903 0.084708 -0.227744 0.028219 -0.265853 -0.090264 0.058307 0.136013 0.270489 -0.244173 0.329190 -0.314197 -0.438637 0.033088 0.023425 -0.144304 0.137083 0.089238 0.046334 -0.019437 0.276119 -0.115386 0.207496 0.196734 -0.348166 -0.465641 0.249759 -0.142010 0.024066 0.299421 0.002375 0.614194 -0.096337 -0.195673 0.216446 -0.225726 -0.252081 0.064667 0.054331 -0.103021 -0.134645 -0.171774 0.143793 0.180933 0.184857 0.128624 -0.105118 -0.241162 0.162558 0.061578 -0.319621 0.094931 0.104711 -0.106205 -0.176424 0.017157 -0.055636 0.007695 0.097656 0.171721 0.479507 -0.345310 0.118262 -0.332390 -0.322199 -0.386431 0.004594 0.004323 0.263772 -0.134349 -0.032830 0.000733 0.124665 0.080487 -0.009621 0.338373 0.065845 0.015907 -0.067580 0.176410 -0.278840 0.060989 0.097642 -0.074377 0.160876 0.121838 -0.281850 0.321455 0.139192 -0.059041 0.233371 0.309347 -0.182060 -0.166910 -0.178834 0.242519 -0.029926 -0.087367 -0.004761 -0.005816 -0.042334 -0.244184 0.024269 -0.064602 0.027077 -0.042144 0.264477 -0.006671 0.240500 0.096250 0.002034 0.229982 0.210634 0.054135 -0.283732 -0.003714 0.156842 0.094453 -0.112423 0.261132 -0.014512 -0.167020 0.079183 0.544626 -0.061271 -0.339659 0.063560 0.107235 -0.146398 0.184399 -0.119487 0.190632 0.121738 -0.110333 0.176171 -0.102596 -0.168047 -0.177222 -0.099003 0.192160 -0.133867 -0.160343 0.025256 0.325355 0.002135 0.095094 -0.111638 0.425461 -0.048182 -0.134068 -0.229221 -0.106386 -0.044855 -0.078666 -0.432580 0.158032 0.121285 0.091307 0.088664 0.012557 0.143221 0.139712 0.192374 0.255217 0.067092 0.370395 0.180092 -0.243439 0.251441 0.044105 0.097602 -0.346798 0.082186 -0.056151 0.319461 0.295541 0.205134 -0.177429 -0.009161 -0.137466 -0.032139 -0.052221 -0.231879 -0.023564 0.050760 0.154245 0.186281 0.175404 -0.273616 -0.128561 -0.273982 -0.353707
-0.085305 0.138113 -0.003990 -0.190290 0.080773 -0.228701 -0.141835 0.144923 0.133820 -0.174933 0.152031 0.152137 0.220958 -0.035979 0.149347 0.154769 -0.059659 -0.281225 -0.266442 -0.094234 -0.152694 0.153759 -0.304554 0.054466 0.013794 0.020301 0.013550 0.061313 0.094671 -0.233963 -0.121992 0.098989 -0.114370 0.039314 0.036555 -0.089317 0.166788 0.066787 -0.007070 -0.010768 0.001934 -0.095307 -0.128302 0.076815 -0.063115 0.108367 0.011215 -0.008491 -0.042986 0.102967 -0.002614 -0.156442 0.003334 0.044856 0.293306 0.099719 -0.076871 0.048434 0.273361 -0.062183 -0.234469 -0.011531 0.077955 -0.117698 0.051869 -0.170146 -0.266269 -0.122165 -0.059739 0.123521 -0.042973 -0.133333 0.216864 -0.137995 0.198589 -0.180780 0.098791 -0.026145 0.189800 0.086271 -0.270881 -0.059086 -0.131706 -0.191583 -0.039331 -0.205666 -0.224878 -0.005510 -0.115009 0.027968 0.065116 0.038744 -0.112196 -0.124022 -0.043003 0.002093 -0.041368 0.151769 0.067983 0.050086 -0.242824 0.068390 -0.030766 0.176819 0.092201 -0.099997 0.149247 -0.264614 0.169136 -0.063027 -0.171177 -0.227758 0.030127 -0.012691 0.173069 -0.340465 -0.194162 0.313573 0.159090 -0.074380 0.116309 -0.141161 0.088220 0.169881 -0.244557 -0.134851 0.079653 -0.234295 -0.100174 -0.087592 -0.031417 -0.028790 0.019839 -0.031785 0.184699 0.025837 0.120801 0.378454 0.290246 -0.082703 -0.027913 0.110326 0.100795 -0.209736 -0.060296 -0.122330 0.140491 -0.119487 -0.004453 -0.027636 0.222974 0.266136 0.250491 -0.149001 0.049538 -0.426804 -0.075249 -0.121024 -0.201572 -0.229106 -0.017200 -0.100604 -0.230141 0.260160 0.062023 -0.076342 0.156173 -0.232659 0.115498 -0.150108 -0.181081 -0.075927 -0.021104 -0.203798 0.020317 -0.054528 -0.274811 0.006844 -0.031019 0.118401 0.107827 0.051138 -0.256063 0.177460 0.206515 0.182087 -0.234088 -0.177882 0.177066 -0.233934 0.203434 0.016731 -0.150669 -0.000463 0.018207 0.092640 0.068801 0.021010 0.204324 0.054588 0.120799 -0.209225 0.142668 -0.017441 -0.148528 0.003243 -0.177103 0.046325 0.009576 0.050678 0.098080 0.269154 0.290533 0.025117 -0.006747 -0.094677 -0.272467 -0.204514 -0.060655 -0.019861 0.312312 0.068609 -0.001196 0.182979 -0.088966 -0.143828 0.149205 -0.274621 0.170811 0.009536 -0.055030 -0.059851 -0.041071 -0.026653 0.140552 -0.009093 0.015642 -0.046074 -0.095174 -0.101646 0.103056 0.072370 -0.155699 0.182289 0.230992 0.165987 0.058907 0.142119 -0.212620 0.037716 0.009304 0.125259 -0.043317 -0.049703 -0.138007 0.216882 -0.015837 -0.158623 0.038501 0.232609 0.002458 -0.137855 0.101166 -0.058619 0.196911 0.066282 0.123378 0.000611 -0.075577 -0.153760 -0.142340 0.114780 0.064960 0.093504 -0.051766 0.063828 0.177258 0.057292 -0.171445 -0.002217 0.107044 -0.029684 0.070764 0.117004 -0.009370 -0.165270 -0.011176 0.105110 0.183217 -0.152699 -0.045427 -0.028550 0.059070 -0.191324 0.006656 0.028168 -0.009755 -0.177119 0.219350 -0.110416 0.115158 0.118317 0.096468 -0.015250 0.189004 0.024870 -0.097680 0.168020 0.124653 0.071213 0.035247 -0.098654 -0.012729 -0.162616 0.040595 0.265465 0.231258 0.188618 0.089457 0.043905 0.352397 -0.049992 -0.106369 -0.068972 0.173743 -0.019823 0.244710 -0.161119 -0.182253 0.139548 -0.061153 0.027294 -0.268096 -0.073057 -0.106327 0.208172 0.053809 0.055159 -0.178063 0.246348 0.014407 -0.100321 -0.152935 -0.022830 0.028348 0.015901 -0.167326 0.135613 -0.040498 0.139306 0.075853 -0.000527 0.012205 -0.049075 0.037261 0.104349 -0.004965 0.217440 0.140582 0.077786 0.245176 -0.066489 0.158406 0.058421 0.000759 -0.140517 0.138906 0.101992 0.130134 -0.198003 0.073233 -0.001042 0.209781 -0.328915 -0.143533 0.021560 0.210064 0.035776 0.171138 0.031971 0.073158 0.081367 0.120414 -0.113427
0.004667 0.194779 -0.125681 -0.017494 0.114523 -0.057196 0.243482 0.012129 -0.054357 0.183856 -0.072958 0.097822 0.227281 0.088252 -0.096534 -0.027407 -0.082499 -0.093316 -0.036747 -0.191550 0.063588 0.099007 -0.169431 -0.046631 -0.048589 -0.023294 -0.012227 0.317940 0.052419 0.003624 -0.044992 -0.006662 0.112181 -0.100393 0.087196 0.030335 0.099451 -0.114684 -0.012806 0.168240 0.018801 0.243560 0.206637 -0.147333 -0.210273 -0.229750 0.066261 -0.188024 -0.115567 0.101564 0.017024 -0.058694 -0.162200 0.039413 0.044719 0.092267 -0.161098 -0.110793 -0.002354 -0.073941 -0.012953 0.045264 -0.186241 -0.123003 -0.026385 -0.075912 -0.350395 -0.090608 0.050023 -0.085894 -0.057171 -0.182753 -0.045601 -0.204905 0.185479 -0.155846 -0.080361 -0.010479 -0.021466 0.134704 0.012591 -0.206443 0.266459 -0.049755 -0.060595 0.164076 -0.012610 0.125627 -0.022741 -0.207274 0.069972 0.008254 0.088965 0.097306 0.122113 0.047512 0.101545 0.105722 0.135606 0.076980 0.016543 -0.235503 0.225135 0.103215 -0.233952 -0.074774 0.114918 -0.138223 0.097974 -0.047012 0.119304 -0.145565 0.095329 -0.014368 0.160301 -0.071928 -0.294704 -0.019232 0.071263 -0.060306 -0.136653 -0.094987 -0.133882 -0.001178 -0.222291 0.017733 0.049391 -0.146952 0.104244 0.068445 -0.124805 0.082167 -0.294986 0.107181 0.152581 0.132762 0.008562 0.201338 0.166029 0.056472 -0.100379 0.287674 -0.146295 0.053784 -0.011020 -0.008165 -0.033235 0.067595 -0.045958 -0.047045 0.000990 0.365284 0.289724 0.073372 -0.073964 -0.268812 -0.233418 0.223433 0.016703 -0.016271 0.035527 0.027873 -0.049769 -0.019911 0.162776 0.009762 -0.232981 -0.083404 -0.076508 -0.163059 -0.216577 -0.014804 0.039146 -0.298115 -0.089850 -0.149561 0.059928 -0.032463 0.118997 0.204746 0.159049 0.007609 -0.031154 0.118367 -0.085777 0.028689 0.042630 0.014889 0.103023 -0.348224 0.085635 0.008948 0.028531 -0.093322 0.019609 0.116390 -0.238160 0.231342 0.028755 0.242783 -0.015374 -0.202551 0.040793 -0.221096 -0.249840 -0.127512 -0.005257 -0.233927 -0.041111 0.072860 0.015487 0.218121 -0.088933 0.020528 -0.001640 -0.065493 -0.258116 0.105855 -0.026399 -0.264122 0.070608 0.049646 -0.198355 0.071598 -0.036109 0.014204 -0.016266 0.088004 0.098894 0.119184 -0.062485 -0.000613 -0.183077 0.195459 0.047263 -0.204586 -0.313378 0.043910 -0.097707 -0.031824 0.022082 -0.032939 0.106237 0.068631 -0.068710 -0.061405 0.147542 0.179452 -0.319869 -0.002958 -0.123621 0.082749 -0.000819 -0.188426 0.108774 -0.097519 0.019089 -0.243357 0.034071 -0.122803 -0.086009 0.141446 -0.140217 0.164766 0.030044 -0.067497 0.063921 0.142258 0.087565 -0.136215 0.104698 0.031921 -0.133401 0.253869 0.059170 -0.152809 0.095108 0.219723 -0.270571 -0.250899 0.029644 -0.213036 0.222023 0.209197 -0.073954 -0.065717 -0.052833 -0.055213 -0.044766 -0.055924 -0.027097 0.158723 0.099538 0.049212 0.073691 -0.107571 0.000921 -0.240799 0.180247 -0.114343 0.155234 0.099809 0.049621 0.108536 0.166707 0.087406 0.067583 -0.073297 -0.078014 0.095098 -0.028858 -0.065748 0.021256 -0.143731 -0.003237 0.102449 -0.054932 -0.056701 -0.083239 0.049346 -0.378835 0.373840 -0.057117 0.045386 -0.059151 0.436724 -0.010206 -0.057680 -0.077458 0.057345 -0.135717 0.006167 -0.029381 -0.182996 -0.059599 -0.099609 0.155268 0.141490 -0.026210 0.042846 -0.025064 -0.106022 -0.025310 -0.077864 -0.022204 0.066157 -0.203282 0.148608 -0.110644 0.040344 -0.054884 -0.049849 -0.053765 0.077481 0.023528 0.237270 -0.041911 0.073944 0.116357 0.023008 -0.081800 0.079861 -0.124279 -0.036094 0.082070 -0.162304 0.252789 -0.253697 -0.037620 -0.232250 -0.008389 -0.083206 -0.067470 -0.027544 -0.091119 -0.081836 0.311349 0.228348 0.007680 -0.279480 -0.122684 -0.087081 0.048774 -0.076465
-0.062829 -0.000397 -0.056577 -0.081510 -0.027185 -0.223593 -0.096384 -0.012768 0.169307 -0.226942 0.089136 0.063596 0.225619 -0.079697 0.203012 0.161742 -0.022660 -0.207777 -0.150731 -0.107317 -0.258907 0.014676 -0.185153 0.262603 0.273748 -0.109913 0.173198 -0.130100 0.039318 -0.176193 -0.106251 -0.032153 -0.044318 0.040804 -0.050347 0.005554 -0.062215 0.352025 0.240522 -0.035194 -0.052700 -0.102516 -0.154805 -0.019030 0.064998 -0.025798 0.083036 0.015822 -0.075627 0.017003 -0.000852 0.065589 -0.137837 0.053599 0.306282 0.097970 -0.067306 0.037745 0.263085 -0.201315 -0.256265 -0.106305 0.006010 0.094478 0.159860 -0.195168 -0.235627 -0.018949 -0.286222 0.009009 -0.090358 -0.106220 0.162682 -0.004886 0.006481 -0.028418 0.072827 0.157339 0.066332 0.338741 -0.134896 -0.150644 -0.104892 -0.198687 -0.080843 0.032993 -0.365389 0.070666 -0.105616 0.213189 -0.037488 -0.028609 0.012939 -0.287046 -0.088424 0.010659 -0.100873 0.147512 -0.021343 -0.000601 -0.120376 0.018042 -0.102960 0.054417 0.120661 -0.045520 -0.176361 -0.144011 0.033066 -0.018567 -0.235960 -0.244067 0.077579 -0.034985 0.088649 -0.418445 -0.169512 0.358437 -0.012843 -0.084114 0.105382 -0.257858 0.098483 0.119009 -0.220873 0.132762 0.012770 -0.073375 0.156118 -0.160102 -0.008265 -0.046430 0.110579 -0.220631 0.120980 -0.080776 0.166132 0.286626 0.220726 -0.071968 0.049505 -0.063593 0.215990 -0.132774 -0.148487 -0.019891 0.106378 -0.067704 -0.025350 -0.073804 0.320374 0.230663 -0.018605 0.013982 0.103369 -0.235898 -0.176097 0.108448 -0.178964 -0.197162 -0.016039 -0.085696 -0.023143 0.220204 -0.101884 -0.108120 0.108443 -0.037993 0.030280 -0.028434 0.021991 0.031001 -0.022752 -0.087371 -0.144863 -0.047651 -0.149896 0.060685 -0.051404 0.143911 0.173943 -0.137441 -0.164614 0.171777 0.054593 0.148451 -0.132055 -0.012784 0.028021 -0.210774 0.235388 0.141804 -0.206239 0.075773 -0.015568 -0.017724 -0.086353 0.046350 -0.024662 0.100711 0.208748 -0.164940 0.242524 -0.110753 -0.267131 0.015369 -0.135863 -0.111362 0.142541 -0.036836 0.167247 -0.060782 0.236719 -0.069674 0.061219 -0.031754 -0.296113 -0.221157 0.048176 0.067346 0.209964 0.201190 -0.104933 0.273168 -0.256822 -0.152468 0.239068 -0.135797 0.042420 0.017215 -0.145778 -0.019495 -0.193774 -0.157638 0.286263 0.000767 0.164809 -0.184342 -0.000986 -0.217922 0.178682 -0.086675 -0.194037 0.060565 0.211335 -0.092726 0.117730 0.127081 -0.184621 0.030335 0.209111 0.109149 -0.115661 -0.179411 -0.025622 -0.062668 -0.276130 -0.083462 0.162985 0.250987 0.060043 -0.142562 0.128991 -0.049466 0.147130 0.035765 0.024347 0.181870 -0.017282 -0.108607 -0.013273 -0.014646 -0.026730 0.009695 0.084950 0.061887 0.136218 0.204118 -0.215552 0.133663 -0.004649 -0.014311 0.048475 0.162223 0.186760 -0.013514 0.058653 0.204387 0.017927 -0.068302 -0.026131 -0.033529 0.046720 -0.075365 0.095208 -0.149345 -0.020533 -0.154406 0.232181 0.025268 0.135779 0.114636 -0.052845 0.166085 0.086434 -0.046537 -0.033105 0.016412 0.139251 -0.036855 -0.096695 0.003818 -0.011030 -0.177206 0.075279 0.329063 0.160116 0.153257 0.055289 0.023602 0.126484 -0.039104 0.182146 0.009888 0.236594 -0.131553 0.178984 -0.111896 -0.013064 -0.092084 -0.099321 0.073760 -0.232557 -0.181102 0.051253 0.348441 -0.156982 0.073287 -0.062334 0.241505 -0.034918 -0.091371 -0.160689 -0.043113 -0.011229 0.059353 -0.198819 0.184438 -0.116671 0.152003 0.076182 0.029365 0.067591 -0.171618 0.155766 0.167317 0.038601 0.220583 0.230157 -0.058732 0.240137 -0.073268 0.211958 -0.149031 0.140566 -0.126660 0.089964 0.216875 0.266542 -0.042189 -0.081231 -0.134728 0.111783 -0.305505 -0.190961 0.010114 0.174259 0.071703 -0.014693 0.225594 -0.092239 0.054572 0.031339 -0.021764
-0.033772 0.315518 -0.070322 0.097926 0.186369 -0.100078 0.289807 -0.339939 -0.351538 -0.185119 -0.128580 0.073666 0.281309 -0.026522 -0.266552 0.081137 -0.128659 -0.196304 -0.008608 -0.152323 -0.021823 0.304293 -0.088279 0.226214 0.233835 -0.055320 0.084992 0.387621 -0.020857 -0.069962 -0.164447 -0.331875 -0.014736 0.128378 -0.082153 0.018107 0.201691 0.013644 0.100855 0.157046 -0.006011 0.105569 0.029257 0.034678 0.015903 -0.253025 0.050227 -0.149210 -0.173195 0.089796 0.002631 -0.126986 0.063238 -0.090720 0.066109 0.104250 -0.157201 -0.087763 0.095229 -0.115885 0.083589 0.294104 -0.221417 -0.141729 0.171186 -0.065251 -0.302705 -0.058814 0.095849 0.016952 0.143302 -0.047147 -0.073788 -0.211851 0.021890 -0.190145 0.017172 -0.215120 0.144584 0.416854 0.012809 -0.242791 0.139934 -0.074815 -0.046087 -0.251212 -0.035123 -0.122632 0.112546 -0.202376 -0.054111 -0.106565 -0.188999 0.025270 0.065102 0.032327 0.065485 -0.018039 0.130991 0.041991 -0.053791 -0.282722 0.427350 0.228022 -0.304650 -0.121412 0.165361 0.159546 0.002572 -0.039100 0.067232 -0.173994 0.219330 -0.043407 0.355727 -0.290231 -0.243861 0.088271 0.192971 -0.097804 0.082883 0.028685 -0.107104 0.028765 -0.096977 -0.081859 -0.036624 -0.232155 0.167708 0.049018 -0.120611 0.038521 -0.243899 0.036697 0.291068 0.013662 0.086194 0.052277 -0.017357 -0.089076 -0.200975 0.273673 -0.136562 -0.075168 0.123403 0.218405 -0.288005 0.293978 0.088884 -0.050269 -0.140630 0.326841 -0.023062 -0.040503 0.188052 -0.139583 -0.355077 -0.082610 0.137625 0.061979 0.036711 -0.001219 -0.214931 0.040495 0.150137 0.011273 -0.333114 -0.067140 0.079138 0.017914 -0.305680 -0.203678 -0.013099 -0.036541 0.139705 -0.197957 0.008587 0.125368 0.093229 0.091441 0.329964 -0.177962 0.073637 0.240783 0.105763 0.172965 -0.058208 -0.094506 0.075033 -0.299559 -0.048903 -0.121725 0.122673 -0.132322 -0.017809 0.244347 -0.142047 0.223049 -0.088769 -0.024744 -0.086074 0.051261 0.067483 -0.297572 -0.110433 -0.154416 0.080410 -0.238425 -0.070829 0.142211 0.137247 0.138119 -0.160352 0.108647 0.213029 -0.218894 -0.329342 -0.335386 -0.135752 -0.139877 0.006722 0.099064 -0.161403 0.127705 0.243878 0.085762 -0.169228 0.259626 0.081767 0.097988 0.125459 -0.156664 0.084174 0.025390 -0.086621 -0.036475 -0.169832 -0.117148 -0.304438 0.046093 0.092876 -0.085931 0.066434 0.103377 -0.150277 -0.010041 0.065089 0.189375 -0.279001 0.005194 -0.123388 0.164402 -0.175269 -0.002133 -0.242399 -0.172989 0.263981 -0.150505 -0.086790 -0.120371 0.098294 0.066069 -0.183992 0.127459 -0.066620 0.021816 0.043108 0.202822 0.161246 0.068807 -0.003259 0.052694 -0.158655 0.019081 0.248313 -0.171528 0.048157 0.194465 -0.124817 -0.127444 -0.014141 -0.122172 0.296016 0.281538 0.225666 -0.016928 0.050967 -0.025273 -0.002145 -0.038422 -0.003746 0.105301 0.272125 0.039735 0.121264 0.049436 0.016064 -0.220735 0.283105 -0.374647 0.428360 0.103907 0.106484 0.028267 0.118456 -0.016652 -0.089938 0.078152 -0.246921 0.195345 -0.272140 -0.040014 0.005636 -0.208880 0.263389 0.230777 0.034050 -0.089489 0.130750 -0.010520 -0.144717 0.314866 -0.189139 -0.125692 0.016130 0.230584 0.075605 -0.068041 -0.011396 0.030228 -0.016818 0.132279 -0.046068 0.054976 -0.217403 0.148487 0.048950 0.088978 0.035124 -0.066473 -0.160413 -0.059575 0.064609 -0.044274 -0.039900 0.103024 -0.131356 0.139901 0.048579 -0.046830 -0.248459 -0.214498 0.088585 -0.031458 -0.049356 0.213456 -0.028343 0.042119 0.059784 -0.073158 -0.012029 0.006249 0.028781 0.002947 -0.072076 -0.161344 0.404662 -0.210454 -0.119904 -0.178065 0.022868 -0.049588 0.026922 -0.198127 -0.292390 -0.112148 0.293712 0.004059 0.198069 0.043473 -0.212592 -0.180248 -0.047622 -0.127163
-0.315365 0.145412 -0.037731 -0.163183 -0.107094 -0.076213 -0.105571 -0.096842 -0.058752 -0.100023 -0.004061 0.101284 0.249032 -0.117592 -0.048098 -0.019683 -0.153310 -0.202861 -0.165961 0.011457 -0.123758 0.052197 -0.347244 0.202428 0.154071 -0.091258 0.225274 -0.176555 -0.135575 -0.005974 -0.028914 -0.059064 0.081299 0.117959 -0.074617 -0.081366 -0.037448 0.134461 0.353423 -0.021296 -0.057855 -0.175311 -0.009906 0.014086 0.261887 -0.162390 0.048922 0.021610 -0.089177 0.078677 -0.005142 0.102824 -0.224783 0.104209 0.280267 0.102875 -0.055171 0.062703 0.254405 -0.057334 -0.258381 -0.258276 0.155959 -0.009065 -0.079662 -0.129610 -0.241557 -0.136962 -0.074565 0.177184 0.019317 -0.101535 0.196537 0.005946 0.098471 0.005294 -0.039148 0.057338 0.026430 0.258196 -0.114878 -0.267456 -0.182839 -0.097180 -0.289148 0.057532 -0.134376 -0.097994 -0.082420 0.222093 -0.042986 -0.011176 0.026960 -0.245924 -0.053007 0.005296 -0.132425 0.233554 0.036486 0.006120 -0.153257 0.071606 -0.039663 0.245620 0.177497 0.027833 -0.129193 -0.246032 -0.052263 0.020606 -0.332109 -0.055478 0.015839 -0.062571 0.057581 -0.372368 -0.172586 0.304232 -0.021323 -0.055240 0.225051 -0.176390 0.115932 0.107949 -0.164451 0.138167 0.030150 0.118914 -0.167277 -0.158586 0.069238 0.037016 0.052310 -0.237218 0.106289 -0.073789 0.084180 0.186422 0.186274 0.020435 0.015612 -0.049960 0.019139 -0.119750 -0.156372 -0.100755 0.197144 0.028789 -0.042000 0.062893 0.287393 0.222393 0.001905 -0.102217 -0.010564 -0.135390 -0.285904 0.064458 -0.170475 -0.138267 -0.016199 -0.114057 -0.093650 0.212672 -0.096450 0.012021 0.219317 -0.032172 0.031116 0.059541 -0.338645 0.098571 -0.021641 -0.031440 -0.185135 -0.093214 -0.235311 0.092379 0.013830 -0.035146 0.107043 -0.109263 -0.141579 0.153203 0.201715 0.138928 -0.302151 -0.064183 -0.074775 -0.207362 0.213353 0.178024 -0.197893 0.143683 0.046371 0.061245 -0.179817 -0.028132 0.238649 0.137351 0.194006 -0.199606 0.239102 -0.163448 -0.055905 -0.090116 -0.077862 0.049156 0.206435 -0.035970 0.040676 0.147422 0.300214 -0.060507 0.071793 -0.004645 -0.325173 -0.074902 0.168436 -0.130558 0.151543 0.264641 -0.101189 0.256840 -0.176605 -0.183274 0.146039 -0.290540 -0.036350 -0.001132 0.013818 0.058790 -0.131553 0.012116 0.251475 0.106494 0.163611 -0.130991 -0.015340 -0.289379 0.225971 0.098128 -0.251399 0.112165 0.258199 -0.187124 -0.122079 0.144047 -0.180967 0.011679 -0.043818 0.152119 -0.168749 -0.281132 -0.114266 0.107733 -0.000069 0.031326 0.113642 0.269845 0.010074 0.063042 0.099417 -0.078742 0.064261 0.110778 -0.121027 0.265709 -0.149016 -0.191238 -0.008315 0.145853 -0.142921 0.000505 0.108243 0.054138 0.163159 0.006883 -0.008243 -0.044396 0.208607 -0.063612 0.125846 0.049052 -0.129829 0.014103 -0.007759 0.257717 -0.045513 -0.047480 -0.014472 0.024339 0.062058 0.084388 0.166829 -0.022904 0.000902 -0.156386 0.237910 0.068029 0.153188 0.119934 -0.145895 0.204918 0.013245 -0.008484 -0.083750 0.086569 -0.023457 -0.000583 -0.027569 -0.087575 -0.013329 -0.163068 -0.069619 0.424971 0.139425 -0.157990 -0.002872 0.208135 0.219230 -0.270627 0.029804 0.044797 -0.113708 -0.094831 0.153812 -0.053963 -0.088165 -0.190022 0.126311 0.131046 -0.220084 -0.195022 -0.071813 0.198094 -0.218927 0.177360 -0.139141 0.219701 -0.016508 -0.084129 -0.164543 0.104546 -0.044992 0.056818 -0.094935 0.031246 -0.088790 0.265871 0.161137 0.184900 0.158059 0.074080 0.044345 0.148824 -0.096055 0.140553 0.137300 -0.124565 0.192381 -0.062669 0.191330 0.064371 -0.047000 -0.119759 0.102215 0.016361 0.210525 0.149398 -0.079858 -0.102198 0.082905 -0.245791 -0.256067 0.120567 0.154451 -0.012965 0.108705 -0.100194 0.212938 0.022467 -0.065453 -0.190954
0.088423 -0.021016 -0.108620 0.220785 0.426563 -0.347663 -0.020149 -0.242654 -0.001155 -0.380698 0.178160 -0.091143 0.321795 0.065051 0.010728 0.257984 -0.346119 -0.117948 -0.195526 0.108525 -0.270690 0.407829 -0.276748 -0.134580 -0.121739 0.264675 -0.008033 0.173249 0.224068 0.033267 -0.022436 0.003648 -0.044973 -0.010805 0.166051 0.159517 -0.011983 0.121333 -0.151674 -0.071155 -0.104308 0.048733 -0.238668 0.353449 -0.112869 0.460161 0.092109 0.086264 -0.239756 -0.093773 0.018856 -0.180353 0.120032 0.150270 0.303339 -0.008174 0.247988 0.250760 -0.070522 0.087406 -0.003741 0.364595 -0.018438 -0.038375 -0.057129 -0.156883 0.025732 0.080967 -0.001125 0.132692 -0.015851 -0.188756 0.132744 0.263957 0.124882 -0.210319 -0.011780 -0.231746 0.157581 -0.086431 -0.019998 0.001039 -0.232180 -0.345784 0.011176 0.192640 -0.128535 0.125455 -0.113068 -0.268471 -0.062028 0.160505 -0.413597 -0.169578 -0.045451 0.018518 -0.288482 0.330413 0.230474 -0.175233 -0.122177 -0.124376 -0.000304 -0.096516 0.047702 0.032909 0.540130 -0.024611 0.351875 0.160257 0.018183 0.075569 0.099216 -0.050994 0.154839 -0.123388 0.062262 0.336957 0.184382 0.087814 0.272602 -0.283831 0.050707 0.071788 0.117770 -0.349180 -0.129150 -0.383558 0.012463 0.219992 -0.129898 0.105100 0.125578 0.286741 0.366500 -0.028858 0.158153 0.231754 0.106072 -0.129129 0.031590 -0.071301 0.056865 -0.048525 0.148440 -0.143655 -0.048270 -0.137146 0.087838 0.026751 -0.003813 -0.033061 -0.039921 -0.006031 -0.115415 -0.400177 -0.202005 -0.119610 -0.041439 -0.119100 0.003376 0.065085 -0.147218 -0.065996 0.334263 -0.018903 -0.171385 -0.085420 0.277446 -0.161708 -0.046682 -0.094753 0.012623 -0.402581 0.144870 -0.259073 0.081860 0.149174 0.134842 0.060435 0.136067 -0.151300 -0.237094 0.227190 -0.280399 -0.101578 -0.008404 0.015280 0.319428 0.048788 0.267029 0.008082 -0.121267 0.142848 -0.105004 0.112183 0.284144 -0.062394 0.148634 0.159809 0.105874 -0.064742 0.213786 0.026070 -0.291971 -0.069670 -0.006550 -0.086488 -0.390979 0.204497 0.199897 0.140686 0.176257 0.032795 -0.121615 -0.097754 -0.290855 -0.511282 0.113109 0.276935 -0.129578 -0.270089 -0.152224 0.281257 -0.039325 -0.032280 0.056716 0.069491 0.171620 0.024997 0.045707 -0.050327 0.085648 -0.089851 0.263525 -0.032184 -0.214854 -0.383996 -0.251376 -0.015533 0.186150 0.204689 0.156361 0.058705 -0.023767 0.171264 0.182911 -0.203439 0.010685 -0.065903 -0.110444 -0.097893 0.255326 0.073333 0.035994 0.193703 -0.067827 0.046907 0.084173 -0.108647 0.285153 -0.418420 0.090045 -0.182609 -0.043093 -0.081081 0.441764 0.081006 0.276355 0.083475 -0.060938 -0.018504 0.026781 -0.110520 0.049865 0.049739 0.046106 -0.060081 -0.149048 0.248011 0.162098 -0.020073 0.463364 0.245774 0.089568 -0.171210 -0.320810 0.134308 0.022026 -0.262453 0.134687 0.191972 -0.271207 -0.070562 0.259788 -0.048426 0.121772 0.014747 0.226659 -0.219245 0.094576 0.011913 0.459336 -0.327246 0.364925 0.092049 0.098303 -0.090928 0.231375 -0.030721 0.319880 -0.253365 0.003718 -0.221691 -0.064503 0.463847 0.045534 -0.069675 0.146562 0.107727 0.272630 0.044372 -0.211880 -0.027091 0.396251 0.154424 -0.152369 -0.126066 -0.121043 0.320254 0.048535 0.066719 0.096050 0.106677 -0.074042 -0.058206 -0.013568 0.121879 -0.130382 0.056176 -0.011343 -0.257249 0.013023 0.054690 -0.085881 -0.206596 -0.109475 -0.012547 0.202068 0.087030 0.195772 0.000220 -0.100906 -0.186248 0.028662 0.349439 0.208374 0.135345 0.097849 0.243423 0.019175 -0.319524 -0.306232 0.030497 0.205451 0.054052 -0.220247 0.080996 0.326224 -0.332209 -0.077638 0.085561 0.031249 -0.277242 0.007979 -0.160453 -0.012407 0.005290 0.040170 -0.100623 -0.096628 0.002961 0.331050 0.018887
-0.464258 0.155546 0.016961 -0.055221 -0.142957 -0.276090 -0.122268 -0.049139 -0.042864 0.205967 0.274384 0.062944 0.033991 -0.231170 0.157844 -0.169036 -0.171471 -0.143471 -0.310594 -0.171562 -0.083062 0.146951 -0.252185 0.374469 0.162217 -0.282451 0.028964 -0.214495 -0.133011 -0.182732 -0.119791 -0.040144 0.153751 -0.139277 0.045845 -0.163862 0.105331 0.313130 0.353381 -0.001256 0.051024 -0.225108 0.036437 0.054035 0.125990 -0.067441 0.017263 0.107521 -0.061952 -0.004944 0.001762 0.127236 -0.129988 0.131619 0.359050 0.081468 -0.154601 0.103903 0.339905 -0.215127 -0.332778 -0.218902 -0.033910 -0.206384 0.011397 -0.298001 -0.036631 -0.053788 -0.070114 0.154221 -0.016060 -0.014952 0.236554 0.130950 0.196448 -0.002080 -0.074308 -0.175155 -0.170630 0.270608 -0.363611 -0.343832 -0.376668 -0.138943 -0.124180 -0.012373 -0.226416 -0.063817 0.023317 0.359139 -0.048880 0.015050 0.023214 -0.115120 -0.202070 -0.006618 0.079087 0.179704 -0.246031 0.122639 -0.144377 0.300150 -0.106229 0.141469 0.170290 0.108655 -0.022089 -0.084216 -0.104051 -0.055053 -0.374968 0.219089 -0.160712 -0.006683 0.251022 -0.088592 -0.055574 0.323831 0.146362 -0.098963 0.121961 -0.288503 0.247336 0.155186 -0.140847 0.248972 -0.092897 0.080757 0.017829 -0.374475 0.342578 0.123813 -0.126549 -0.334006 0.138912 -0.064775 0.080661 0.262919 0.078932 0.085719 0.028903 -0.006364 0.004043 -0.131980 -0.073748 0.010045 0.031100 -0.060692 -0.140742 0.248284 0.340611 0.042590 -0.006149 -0.245513 0.166532 -0.446790 -0.251183 -0.021789 -0.218640 -0.216080 -0.019430 -0.072435 -0.082166 0.428770 -0.144998 0.110886 0.113419 -0.115442 -0.025823 -0.021998 -0.474727 -0.001224 -0.017540 0.089596 0.005005 -0.350753 -0.365305 0.137124 0.085934 0.069519 0.245403 -0.048123 -0.122454 0.222061 0.231415 0.052413 -0.153174 -0.004874 0.067842 -0.021006 0.207232 0.067223 -0.052422 0.204731 0.248597 0.115591 -0.268047 -0.014230 0.178639 -0.193805 0.125413 -0.224818 0.145443 -0.105732 -0.276096 -0.014668 -0.094851 0.127817 0.231295 0.112226 0.034622 0.044869 0.316556 -0.204952 -0.118316 -0.163929 -0.418036 -0.290757 0.148334 -0.019457 0.139240 0.169514 -0.113225 0.118417 -0.095853 -0.161562 0.288519 -0.223913 0.027881 -0.107806 0.028922 0.097207 -0.128397 0.024743 0.186063 0.098014 0.197493 -0.251932 0.133026 -0.305440 0.262453 0.113786 -0.412314 0.125740 0.139278 0.061784 -0.154882 0.059302 -0.046885 -0.019452 0.032744 0.142372 -0.115983 -0.098318 -0.260464 0.112784 -0.139715 0.261949 0.209075 0.153451 0.049784 -0.170105 0.046564 -0.050108 -0.041258 0.236326 -0.017448 0.199650 -0.202506 -0.027397 -0.116498 0.058599 -0.096471 0.147361 0.026330 0.069300 0.186921 -0.035200 -0.082227 0.023616 0.121114 -0.141019 0.102756 0.038222 0.019844 -0.019788 0.074110 0.287751 -0.050840 0.003730 -0.002975 -0.038077 0.219611 -0.090891 0.113708 0.103989 0.031197 -0.058411 0.305121 0.047852 0.305007 0.110433 0.110579 0.114432 0.100711 -0.063745 -0.104176 0.328444 -0.171524 -0.024931 -0.093820 -0.143897 -0.021413 -0.218332 -0.064376 0.313529 0.190860 -0.156423 -0.039334 0.116556 0.241223 -0.267299 -0.040397 0.097009 0.020487 -0.061193 0.256025 -0.077855 -0.090237 -0.189642 0.046841 0.004559 -0.224576 -0.361024 -0.073635 0.337146 -0.188756 0.016881 -0.249792 0.258914 -0.027743 -0.067717 -0.145981 -0.147332 -0.075325 0.124335 -0.056014 0.205006 0.035330 0.358098 0.167681 0.189176 0.220602 -0.070882 0.080769 0.019524 -0.246367 0.087551 0.091315 0.013376 0.154285 0.031049 0.208724 0.000339 0.196956 -0.082925 0.250565 0.031130 0.128719 0.387533 -0.033886 0.032288 0.175022 -0.034820 -0.264885 0.168435 0.040982 -0.111886 0.065463 0.008278 0.353007 0.156596 0.105532 -0.040050
-0.292267 -0.121340 -0.138046 -0.552063 0.569628 -0.315535 0.186290 -0.020706 -0.224188 -0.162809 -0.068980 -0.213309 -0.144954 0.079474 -0.123696 0.371637 -0.002273 -0.284232 -0.144244 -0.007983 -0.236755 0.057496 -0.398698 0.127273 -0.366695 0.440522 -0.179219 0.560127 0.362017 -0.155666 -0.342555 -0.035677 -0.284416 0.192839 -0.129485 -0.042505 0.225048 -0.119837 0.011862 0.294298 -0.023624 0.438285 -0.480426 -0.340610 -0.185748 -0.050239 0.112244 -0.225346 -0.411771 0.109323 -0.002899 0.123702 0.037681 0.472551 0.414988 0.039380 0.177409 0.004290 0.174513 0.205763 -0.316104 0.306359 0.189936 -0.162382 -0.006087 -0.045653 0.009162 -0.265542 -0.388203 0.164450 -0.097015 0.028442 0.764406 -0.306299 0.065221 -0.038343 -0.068042 0.238618 0.562776 0.163556 -0.066767 -0.184903 0.027770 -0.150320 -0.135188 -0.195175 -0.047936 -0.157807 -0.187348 -0.103030 0.000347 -0.245874 -0.287301 0.148141 -0.088202 -0.012820 -0.188511 -0.131626 0.345125 -0.102869 0.321583 -0.409358 0.277867 0.131514 0.027813 0.244108 0.023928 -0.266780 0.304398 0.103165 -0.078773 -0.367346 0.292206 0.050503 0.343811 -0.436913 0.034776 0.166454 0.332735 0.110528 0.407773 -0.255370 0.103378 0.018030 -0.224360 -0.112710 0.298947 -0.270844 0.044160 -0.240500 -0.307378 0.226676 -0.008916 0.348656 0.379555 0.090095 -0.029620 0.188690 -0.104870 0.175216 0.067256 0.126584 -0.018370 0.054302 -0.122529 -0.069188 0.430594 0.104519 0.250144 0.342114 0.361533 0.014556 0.284808 -0.101725 -0.260934 0.262725 -0.175732 0.292337 0.486908 0.085813 -0.019081 -0.316348 -0.399090 -0.105184 0.550315 -0.067365 0.025121 -0.037592 0.164324 -0.075526 -0.435097 0.042909 -0.020983 -0.399181 0.077632 -0.073961 -0.148897 0.152950 0.103189 -0.165370 0.008059 -0.189123 -0.559140 0.272776 0.339321 0.587886 -0.466507 -0.122170 0.115304 0.012262 0.094527 -0.071764 0.021032 0.113486 -0.327668 0.123485 -0.164580 -0.397288 0.374049 0.290189 0.199967 -0.289304 0.268150 -0.166277 -0.115636 0.324107 0.104922 0.103894 -0.187611 0.136886 -0.182913 0.507186 0.476277 0.414193 0.103924 0.382129 -0.384580 -0.071196 -0.128915 -0.248769 0.012396 0.079360 0.169165 0.494972 -0.036138 -0.247682 -0.015559 -0.343436 0.062777 0.299957 0.265766 -0.314362 0.132045 -0.495962 -0.027502 0.089735 -0.026783 0.199350 0.035207 -0.219958 -0.000546 0.341332 -0.448682 0.214031 0.016839 0.061105 -0.182605 -0.126940 -0.003655 -0.062038 -0.148783 0.180459 0.208351 -0.255569 -0.044603 -0.390498 0.063146 -0.652345 0.151034 -0.048788 0.295768 0.172388 -0.085888 0.153324 0.400239 0.107038 -0.130557 0.052220 0.211283 -0.302514 0.125206 0.274659 0.060146 0.042013 0.410152 -0.262541 0.255874 -0.017723 -0.266698 0.377517 0.156564 0.047005 0.187835 0.269512 -0.464917 -0.430375 -0.102301 0.270714 -0.194533 0.024943 0.079108 -0.023916 -0.232804 -0.203899 0.033552 -0.149951 0.138542 0.007672 0.292514 -0.013760 0.167385 0.045870 0.082641 0.229671 0.418313 0.381366 -0.212045 -0.162331 0.003745 0.373431 -0.004366 0.013577 -0.018307 -0.307085 0.296895 0.339181 -0.087159 -0.357266 0.280576 0.368646 0.057220 -0.001740 -0.159619 -0.048481 0.045123 -0.008938 0.132478 -0.457325 -0.289439 0.360258 -0.194160 0.272591 -0.123262 0.213151 0.161606 0.009014 0.164790 0.162870 -0.085563 0.255647 0.069913 -0.115938 -0.234818 0.058413 0.060017 -0.262637 -0.736618 0.488238 0.501339 0.072183 -0.029380 -0.373514 0.267681 -0.460022 -0.202229 0.281619 0.105795 0.065885 0.115008 -0.072072 0.403270 -0.100645 -0.334947 0.294902 -0.090086 0.024180 0.280095 0.081731 -0.057051 -0.456218 0.013567 -0.033074 -0.034546 -0.190708 -0.052928 -0.172567 0.034549 -0.164107 0.335921 0.153381 -0.123154 -0.206843 0.014421 -0.280457
0.111889 0.152520 -0.208655 0.283028 0.486696 -0.671387 -0.257155 0.006709 -0.320659 -0.287267 0.373670 -0.219864 0.178988 0.727901 -0.113377 0.569636 -0.203727 -0.267693 0.057874 -0.170384 -0.172866 0.652252 -0.257735 -0.335676 -0.555931 0.280617 -0.282483 0.388687 0.407440 -0.045825 -0.061130 -0.031529 -0.029504 -0.138979 -0.156914 0.344802 0.423904 0.075658 -0.483687 0.133734 -0.018965 0.141741 -0.113224 0.477564 -0.317045 0.260540 0.152979 0.108527 -0.538398 0.497157 -0.041152 -0.344528 0.095285 0.355969 0.706904 -0.046386 -0.068470 0.093654 0.285262 -0.065908 -0.033698 0.074161 -0.173523 0.098991 -0.477684 -0.353604 0.069788 0.036786 0.106712 -0.260269 -0.155720 0.441116 0.345542 -0.436553 0.266821 0.122723 -0.025759 0.142777 0.300989 -0.096139 -0.241135 0.135767 -0.374727 -0.398363 -0.191250 -0.305564 -0.050334 -0.312180 -0.191180 -0.336562 0.465533 0.291719 -0.646967 -0.212957 -0.114023 -0.047469 -0.312198 0.127744 0.344935 0.079311 0.279336 -0.126176 -0.098551 0.085972 0.270602 0.111933 0.367308 -0.313066 0.795782 0.286585 -0.007818 -0.123125 0.632644 -0.077775 -0.152804 -0.310641 0.117686 0.334238 0.715451 0.187532 0.118985 -0.283384 0.333697 0.445647 -0.125105 -0.087553 0.186653 -0.527151 -0.273023 0.184555 -0.666667 0.306662 -0.091676 0.641056 0.515738 -0.046301 0.241207 0.052174 0.217156 0.418711 0.231430 0.114041 0.266658 0.107261 0.446403 -0.103454 0.368980 -0.284995 -0.103288 0.148868 -0.224248 -0.030017 0.599687 0.220017 -0.417948 0.000240 -0.422071 0.215643 0.597028 0.277939 -0.033762 -0.222441 -0.919448 0.152967 0.204375 -0.330532 -0.219085 -0.154585 0.206914 -0.377383 0.015319 -0.414677 -0.061902 -0.605216 0.089896 0.078117 -0.072138 -0.065159 0.046660 0.327036 -0.085000 0.323891 -0.398433 0.407901 0.059811 0.572267 0.175265 -0.045549 0.275549 0.074784 0.214791 0.324134 0.183833 -0.192817 -0.433826 -0.023464 0.480354 0.146624 0.105420 0.111089 0.243928 -0.029608 -0.268578 -0.088850 -0.120226 0.144855 0.024526 -0.260922 -0.095836 0.398955 0.175468 0.479789 0.591023 0.073732 -0.473428 -0.059530 -0.336028 -0.227894 0.296236 0.211482 0.171670 0.162834 0.521133 0.541049 0.024481 -0.330456 0.070017 -0.439555 0.273659 0.385559 0.465952 0.186050 0.456422 -0.066244 0.388214 0.412732 0.015314 0.208699 -0.097732 -0.169323 -0.088771 0.119035 0.039180 0.410534 0.254483 0.458690 -0.061069 -0.290604 0.060478 -0.118973 -0.357217 -0.448026 0.515367 0.004599 0.093211 0.070514 -0.153380 -0.526014 -0.060478 -0.007637 0.277036 0.003471 -0.054242 0.194908 0.363805 0.073793 0.320705 0.060840 0.444916 -0.286927 -0.125070 0.033935 0.228934 0.170916 0.181809 -0.349607 0.300873 0.472181 -0.079056 0.317990 0.805436 0.046544 0.174122 0.641841 0.197794 -0.362323 -0.358133 0.113395 -0.399913 -0.302101 0.294349 -0.038159 -0.278727 -0.163784 0.338832 0.011906 0.210088 0.045116 0.330237 -0.269223 -0.088132 -0.016863 0.341740 -0.594777 0.479695 0.289008 -0.243026 -0.063732 0.136754 0.219898 0.162503 -0.040008 -0.060209 -0.347476 0.260023 0.431359 -0.092558 -0.093062 0.356199 0.448135 0.102741 0.039310 -0.608953 -0.003152 0.150788 0.087418 0.152159 -0.476607 -0.393936 0.268464 -0.148742 0.385208 0.053475 0.237176 0.168121 0.026709 0.150263 0.413665 -0.519980 0.412516 0.463706 -0.311740 -0.126177 0.336581 0.038086 -0.414248 -0.051727 0.077326 0.613977 -0.130174 0.091824 0.221553 -0.198159 0.387363 -0.407594 0.456373 0.255917 0.141964 0.301911 0.058857 0.320650 -0.065549 -0.359481 0.131781 0.041140 0.069952 0.263266 0.374529 0.518186 -0.532943 0.119648 0.283207 -0.023766 -0.432516 -0.121514 -0.211287 -0.026528 0.172916 0.363879 0.033940 -0.386798 -0.403115 0.185462 -0.201113
0.455497 0.023098 -0.085668 0.065222 0.386184 -0.200164 0.095759 -0.176445 -0.060993 -0.211185 -0.086224 -0.285755 -0.042257 -0.084406 0.521557 0.051313 -0.429987 -0.612996 -0.289568 -0.092312 0.127105 0.594675 -0.238392 -0.116678 -0.209079 0.279516 -0.183422 0.447209 0.317340 -0.019255 -0.274000 0.214918 0.078399 -0.072782 0.120397 0.118472 -0.062104 0.070579 0.014444 0.204037 0.082490 0.302203 0.113929 0.203194 -0.424094 0.271708 0.068563 -0.056205 -0.748844 0.139218 0.000247 -0.146385 0.174098 0.294603 0.178555 0.025315 -0.236345 0.104260 0.349710 -0.123480 -0.183223 0.240744 0.098640 -0.282153 -0.217428 -0.330886 0.015403 -0.001841 0.197706 -0.251282 0.068770 0.371173 0.494587 -0.362832 0.173979 0.035002 -0.140704 -0.332530 0.435679 -0.018450 -0.281586 -0.090448 -0.105013 -0.383688 -0.336956 -0.254894 -0.199098 0.304338 -0.461270 -0.341161 0.337846 0.066066 -0.455034 -0.019747 -0.262309 -0.015589 -0.493666 0.328493 -0.192676 0.106247 0.011759 -0.499773 0.591965 0.212526 0.082089 0.014771 0.568730 0.200161 0.309988 0.138094 0.351241 -0.342497 0.471289 -0.034458 0.520087 -0.254036 0.039832 -0.073779 0.308661 0.142420 0.103272 -0.196200 0.451932 0.068760 -0.001393 -0.008982 0.067620 -0.154916 -0.085838 0.364090 -0.249155 0.147962 -0.117603 0.091247 0.340853 -0.064290 0.268974 0.348202 0.365455 0.334829 0.287459 0.150873 0.575318 -0.031926 0.123243 -0.325020 -0.046311 -0.619488 0.082041 0.377728 0.010449 -0.003181 0.257706 -0.099164 0.284568 0.053035 -0.156320 0.033741 -0.054122 0.016586 -0.022123 -0.137184 -0.469974 -0.089840 0.163984 -0.095260 -0.255895 -0.281927 0.111557 0.122716 -0.044532 -0.120480 -0.019211 -0.673989 -0.159076 0.079526 -0.155687 -0.297513 0.092585 0.197559 -0.380627 -0.150477 -0.197075 0.284465 0.159220 -0.212795 0.419944 0.086541 0.683181 0.026016 0.021912 -0.031143 0.378206 0.032639 0.192904 0.126161 0.258961 -0.177143 0.213156 0.406748 -0.318310 -0.195431 0.145639 -0.071163 -0.185486 0.088196 0.153234 0.042216 0.224656 0.425786 0.306044 0.611589 0.461605 -0.228021 -0.362718 0.070308 -0.453857 -0.122816 -0.033311 0.062004 0.037217 -0.097911 0.198936 -0.123539 -0.075243 -0.086439 0.378996 -0.432463 0.171256 0.114779 -0.063362 0.146917 0.176979 0.215090 -0.391144 0.110810 -0.210795 -0.203048 0.009733 -0.273830 -0.274934 0.246596 -0.280640 0.448710 0.080688 -0.074055 0.195679 -0.150003 -0.011307 -0.057797 -0.033215 0.003698 0.082146 -0.256924 -0.104978 0.559596 -0.130921 -0.478824 0.108527 -0.010565 0.110469 0.190433 -0.037632 0.031941 0.238263 0.627061 0.245069 -0.113014 -0.035452 -0.330981 0.013253 0.154593 0.011699 0.161485 0.108561 -0.168300 0.265260 -0.376178 -0.431606 -0.207951 0.317743 -0.053703 0.252352 0.330805 -0.175463 -0.210599 0.147085 -0.005925 -0.059900 -0.152314 0.056309 0.129018 -0.270313 -0.114080 0.028151 0.113082 0.119252 0.017256 0.323481 -0.429014 0.317509 0.041191 -0.004911 -0.415324 0.668999 0.026193 -0.085813 0.189467 0.066086 -0.055564 0.112774 -0.297150 -0.013415 -0.256921 0.248710 0.058541 0.020771 -0.171882 0.208903 0.251411 0.127670 0.151995 -0.104079 -0.083685 -0.375433 0.524739 0.115157 -0.625422 -0.335370 0.280656 -0.056079 0.020352 0.205627 -0.051412 -0.090102 0.094085 0.111155 0.124163 -0.346104 0.283283 0.466280 -0.206545 -0.011689 0.281397 -0.011716 -0.246710 0.054701 0.264031 -0.049038 -0.111219 0.156796 -0.198857 0.024558 -0.168536 0.147112 0.009422 0.445392 -0.170597 -0.149385 -0.085770 0.406976 -0.174011 -0.093369 0.095696 -0.339307 0.028647 0.173019 0.029217 0.058433 -0.477151 -0.282007 0.173090 0.056569 -0.237922 -0.277294 -0.503653 0.016233 -0.096496 0.182318 0.169553 -0.342696 -0.133428 0.320755 -0.087041
-0.075383 -0.174858 -0.183450 0.041439 0.106317 -0.096824 0.005175 -0.068244 0.060154 0.057351 -0.149209 0.008671 0.278309 -0.350373 0.118806 -0.198635 -0.199510 -0.035002 -0.305112 0.065341 0.051598 0.207211 -0.176147 -0.016146 -0.192081 -0.087315 -0.278528 0.509516 0.169098 0.006771 -0.277814 -0.412538 -0.011983 -0.058210 -0.095560 0.275558 0.372054 -0.130185 0.070670 -0.067570 0.020955 0.255813 0.105950 0.070602 -0.361007 0.132087 0.098156 0.040852 -0.324437 0.191826 0.047591 -0.039589 0.197614 0.056887 0.007755 0.036070 0.046048 0.048052 0.113899 -0.043378 -0.178905 -0.080659 -0.023763 -0.337457 -0.102695 0.198329 -0.046872 0.039514 0.309005 0.125501 -0.006904 0.175430 0.280459 -0.334157 0.114254 -0.360119 0.156104 0.007492 0.052472 -0.100790 -0.035404 -0.179541 0.075848 -0.614588 -0.230684 -0.045737 -0.178363 -0.085569 0.303162 -0.046588 0.208287 -0.088650 0.093584 -0.039353 -0.058139 0.032213 -0.066501 0.048183 0.358133 0.069439 -0.186516 -0.448533 0.364381 0.259171 0.014011 -0.178449 -0.102658 0.042553 -0.001830 -0.142298 0.431088 -0.445853 0.298248 -0.122476 0.094517 -0.299192 -0.012580 0.169416 0.241571 0.011051 -0.068146 -0.073273 0.081033 0.148360 0.200108 -0.498030 -0.197635 -0.420681 -0.178977 0.275235 0.216495 0.095226 -0.058355 0.282992 0.337103 -0.031557 -0.013495 0.074626 0.396506 0.177961 -0.079987 0.180631 0.213037 -0.020821 0.153230 -0.220808 -0.288450 -0.212979 -0.199247 0.274474 -0.206866 0.051416 0.024475 0.167325 0.102699 0.023830 -0.175285 -0.084745 -0.218446 -0.060058 0.021529 0.003941 0.250492 0.038593 0.248130 -0.155651 -0.309967 0.046871 0.202373 -0.184622 0.368248 -0.148133 0.014226 -0.319221 -0.148704 0.035538 -0.093304 0.084288 0.010342 0.072540 -0.241194 0.007863 0.089071 0.226344 0.042823 -0.254772 -0.097451 -0.184133 -0.060458 -0.033566 0.013295 -0.186944 0.071712 0.013032 0.087664 0.156326 0.686494 0.095433 -0.017636 0.184028 0.151511 -0.071634 0.046413 -0.078998 -0.367948 -0.285673 -0.013469 -0.302386 -0.188951 0.044551 -0.101504 0.220527 0.082116 0.028982 -0.209878 0.258714 -0.346233 -0.362278 0.202833 0.044591 0.109368 -0.076227 -0.032400 -0.396649 -0.146298 0.066127 -0.143432 -0.246817 0.078377 0.066945 0.091821 0.056361 -0.005212 0.009400 -0.176192 -0.107696 -0.206185 -0.147334 -0.090535 -0.030456 0.029963 0.246126 0.188907 -0.078367 -0.057427 -0.251539 -0.238782 -0.065779 0.007358 -0.019995 -0.156206 -0.021189 0.028248 -0.120591 0.206710 0.121296 0.047849 -0.244027 -0.120031 -0.081642 -0.144380 0.074726 -0.031222 0.027161 0.159219 0.083607 0.072321 -0.173459 0.113447 0.134844 -0.007575 0.230116 0.178216 0.252778 0.187362 -0.051858 0.062976 -0.147011 -0.241988 -0.214910 0.225153 -0.013761 0.230206 0.270782 0.477210 -0.276554 -0.164939 -0.231846 -0.070222 -0.159807 0.017769 0.011320 -0.063960 -0.079774 -0.100418 0.104368 0.021448 -0.012439 0.280692 -0.467369 -0.216629 0.056713 0.088616 -0.203336 0.170861 0.248032 -0.150256 -0.158701 0.304022 0.144111 0.030311 -0.096157 0.043726 -0.194165 0.286238 0.142519 0.012660 0.069928 0.215600 0.135297 0.177962 0.200697 0.017535 -0.175241 -0.095490 0.052924 0.036053 -0.365442 -0.169889 0.145898 -0.273946 -0.067973 0.070568 0.076942 0.009173 0.309595 0.064871 0.290318 -0.263711 0.158356 0.054626 -0.231813 0.170429 0.329371 0.049799 0.018536 -0.058937 0.125046 -0.045618 -0.141051 -0.077517 -0.304118 -0.305332 0.123281 0.166396 0.141824 -0.123402 0.068981 0.188361 -0.053552 0.131214 -0.152765 0.185064 -0.141565 0.229886 -0.022796 -0.038120 0.267542 -0.081195 0.020675 -0.076331 -0.171891 0.003299 -0.310456 0.172006 -0.314123 0.022159 0.307704 0.383170 0.005558 -0.407665 -0.098010 0.036932 -0.092234
-0.039508 0.237233 -0.112709 -0.082493 0.097965 -0.028428 0.255895 -0.211296 -0.145681 -0.157164 -0.234316 0.150704 0.361286 0.016009 -0.233129 -0.065421 -0.233692 -0.076139 -0.105573 0.081034 -0.005194 0.268454 -0.223155 0.065315 0.337807 -0.073519 0.014148 0.313363 0.098875 0.079784 -0.145560 -0.045366 -0.068115 0.077123 -0.039006 0.035388 0.082200 -0.088364 0.063631 0.188816 -0.018367 0.108262 -0.046630 0.114124 -0.101064 -0.155005 0.061509 -0.098133 -0.016965 0.152293 0.027432 0.039195 -0.014111 0.053253 -0.067821 0.087287 -0.002644 -0.144923 0.112025 0.051326 0.064358 0.191116 -0.114429 -0.070779 0.005119 -0.083199 -0.277166 -0.092248 -0.034268 -0.047615 0.035525 -0.079323 0.076734 -0.120842 -0.068398 -0.256511 -0.043613 -0.153454 0.063326 0.157502 -0.035979 -0.131201 0.154481 -0.068302 0.024722 -0.114006 -0.149824 -0.124480 -0.067579 -0.312886 0.081668 0.012928 0.129362 0.041559 0.045052 0.043724 0.084797 0.009803 0.051034 -0.225387 0.027094 -0.207116 0.246767 0.296008 -0.285765 0.017792 -0.150331 -0.135634 -0.113168 -0.046845 0.140410 -0.251949 0.239999 -0.056996 0.211624 -0.236447 -0.246670 0.042540 0.025413 -0.106147 0.135882 0.007418 -0.090717 0.091585 -0.068676 -0.111152 -0.062186 0.005485 0.075485 0.188000 -0.060070 0.101189 -0.067275 0.045943 0.204569 0.020179 0.075570 0.262565 -0.153853 0.047389 -0.115614 0.214869 -0.088019 0.019422 -0.007294 -0.041969 -0.169224 0.231273 -0.056277 0.154999 -0.043569 0.300875 0.267298 -0.055729 0.188582 -0.337053 -0.194881 0.124699 -0.174992 -0.000606 0.003631 0.202323 -0.049530 0.163811 0.090088 0.082816 -0.156473 -0.272823 -0.144380 0.080469 -0.135058 -0.102945 0.045786 -0.174923 0.021282 -0.303501 0.137373 0.002835 0.013976 0.117369 0.326241 -0.209736 -0.096813 0.197200 0.016766 0.127791 0.274008 0.131996 0.301911 -0.276741 -0.011883 -0.048496 -0.142902 -0.172173 0.062923 0.127628 -0.076712 0.176697 -0.132722 0.172910 0.105264 -0.110132 0.052559 -0.140236 -0.204424 0.002547 -0.051676 -0.184870 -0.147473 0.130689 -0.016124 0.240354 -0.099519 -0.106746 0.271634 -0.002559 -0.239152 -0.129516 -0.083877 -0.027749 -0.069117 0.031433 -0.177341 0.047225 -0.036328 0.034399 -0.319846 0.065933 -0.160688 0.311791 0.106607 -0.128987 -0.077138 -0.047747 -0.170958 -0.002423 -0.279727 -0.007386 -0.165639 -0.045783 0.007613 0.064967 0.036359 0.190278 -0.128363 -0.043425 -0.147216 0.143969 -0.252480 -0.020262 -0.004065 0.210635 -0.063969 0.024372 -0.192717 -0.133584 0.263645 -0.139089 -0.061053 -0.208731 -0.183978 -0.028939 -0.078024 0.179362 -0.119401 0.013800 0.051945 0.201621 0.036114 -0.066068 0.172739 0.112329 0.071769 0.061885 0.130894 -0.154740 -0.037860 0.154027 -0.233928 -0.056674 0.103280 -0.194032 0.230281 0.218913 0.070525 0.098414 0.075495 -0.070890 0.100505 -0.189174 -0.020136 0.081279 0.014545 -0.035534 0.118530 0.124946 -0.018016 -0.209761 0.169526 -0.206485 0.249278 0.092679 0.108898 -0.073359 0.224719 -0.031808 -0.008325 -0.081126 -0.110527 0.115001 -0.211931 -0.107494 0.038651 -0.204085 0.029747 0.207419 -0.014966 -0.195585 -0.037583 -0.075873 -0.106180 0.486230 -0.113316 -0.185581 0.080520 0.218125 -0.004589 -0.067504 -0.026569 0.111892 -0.011489 -0.010314 -0.017048 0.022121 -0.156271 -0.099262 0.035367 0.058074 -0.029890 0.054695 -0.023424 -0.114043 -0.094663 -0.086876 0.000253 -0.034056 0.011496 0.390630 -0.056946 0.041335 -0.112201 -0.180502 0.126719 0.045311 0.187488 0.096334 -0.106340 0.029554 0.116095 -0.038654 0.121182 0.020521 -0.091998 -0.123062 0.089832 -0.165302 0.260129 -0.083127 -0.132976 -0.257375 0.182433 0.052352 -0.024039 -0.047449 -0.119736 -0.050060 0.258702 0.097968 0.363187 -0.088349 -0.356481 -0.175725 0.060694 0.257336
0.036348 -0.010089 -0.121213 0.161446 0.248140 -0.435972 -0.316183 0.521657 0.126496 -0.445524 0.831596 -0.327608 0.026824 0.220587 0.387672 0.208627 0.114913 0.103101 -0.132245 -0.212487 -0.295232 0.698858 -0.198142 -0.172533 -0.564540 0.065477 -0.398784 0.464959 0.334194 -0.354719 -0.164361 0.549960 -0.124419 0.081847 -0.094590 -0.150948 0.397177 0.125176 -0.530495 0.199101 -0.026387 -0.077307 -0.251208 0.428871 -0.484013 0.346663 0.104010 -0.040269 0.090414 0.410777 0.004055 -0.318673 0.190315 0.216494 0.553750 0.021005 0.016269 -0.041204 0.174398 -0.114785 -0.047617 0.315150 -0.245808 -0.317475 -0.175202 0.151412 -0.027871 0.182355 -0.151387 -0.104254 -0.343341 0.258139 0.284492 -0.222317 0.011858 -0.312251 0.193326 -0.154636 0.240535 -0.703007 -0.304364 0.292000 -0.473101 -0.312631 0.370615 -0.690779 -0.129154 -0.151475 -0.091435 -0.355968 0.461828 0.045135 -0.648702 0.033210 -0.144969 0.002010 -0.217111 -0.002491 0.129740 0.059231 0.315261 0.166887 -0.101649 -0.252608 0.131063 0.113817 0.637607 -0.434031 0.854006 0.105909 0.268060 -0.094311 0.078412 -0.077972 0.026968 -0.390778 0.017855 0.403100 0.291332 0.048841 -0.359923 -0.354333 0.076293 0.299712 -0.316458 -0.320849 0.455893 -0.550150 -0.042918 0.073241 -0.404791 0.076076 -0.198927 0.405670 0.247465 -0.249289 0.111503 0.243232 0.171608 0.149800 0.116789 0.288540 0.263423 -0.051275 0.284838 -0.223053 0.060142 -0.372651 0.264374 -0.042575 -0.080277 0.060221 0.388975 0.030795 -0.215847 -0.393852 0.115874 -0.743932 0.127627 -0.032490 -0.019174 -0.097575 -0.474692 0.296216 0.091086 -0.356222 0.085045 -0.524751 0.622056 -0.532742 0.034860 -0.378912 -0.018609 -0.472930 0.481547 -0.180517 -0.323443 0.020888 0.035898 0.495677 0.138222 0.348500 -0.364783 0.318217 0.021221 0.083068 -0.173022 0.039963 0.383114 -0.022840 0.414078 0.141304 -0.012875 -0.139430 -0.238208 -0.188205 0.286125 0.340104 0.399040 -0.133733 0.141863 -0.282488 -0.166707 0.260118 -0.186548 0.239757 -0.120527 -0.115931 -0.258728 0.321500 -0.072233 0.294436 0.323174 0.050466 -0.567785 -0.365095 -0.361369 -0.381275 -0.025121 0.331595 0.062332 -0.261995 0.261654 0.303966 -0.285641 -0.824375 0.251469 -0.228849 0.762226 0.040079 0.091020 -0.282109 0.248965 -0.151863 0.198441 0.438276 -0.481288 0.215798 0.046105 -0.229990 -0.109954 -0.217519 0.025340 0.261662 0.428617 0.638497 0.273521 -0.129307 0.013346 0.047998 -0.263117 -0.266180 0.602786 0.314984 -0.006146 0.247020 -0.309355 -0.427099 0.024620 0.023901 0.226444 -0.325147 -0.044624 0.078857 0.502786 -0.076317 0.361920 -0.483304 0.282665 -0.334837 -0.124655 0.026072 0.113493 0.149789 0.222437 -0.139485 0.207605 0.138461 -0.078992 0.344963 0.455976 -0.032317 -0.257180 0.356461 0.052879 -0.469760 -0.301362 0.114759 0.052736 -0.313577 0.015568 -0.122228 -0.270416 -0.053445 -0.094448 0.026463 0.182554 0.008571 0.319327 -0.358523 -0.124810 0.055416 0.173425 -0.606116 0.483592 0.236660 -0.260816 0.385951 0.260824 0.255076 0.284565 -0.021401 -0.031461 -0.307150 0.133367 0.329371 0.029124 0.124991 0.215992 0.056791 0.259078 -0.237637 -0.788815 0.326133 0.228922 0.063534 -0.045458 -0.366026 -0.558663 0.511707 -0.134008 0.650625 -0.216581 0.274666 0.199180 -0.046255 0.276140 0.077521 -0.246425 0.387523 0.279037 -0.157982 -0.197855 0.100967 0.126171 -0.071644 -0.143861 0.283424 0.278123 -0.098629 0.154449 0.027424 0.015794 -0.173941 -0.043720 0.189186 0.004113 0.209217 0.280120 0.576954 0.200750 0.039251 -0.227294 -0.403304 -0.002994 0.024157 -0.172806 0.220889 0.115198 -0.582047 0.442999 0.273227 0.078932 -0.255543 0.047078 -0.221934 0.000661 0.002123 0.236637 0.277428 0.188126 0.029659 0.019920 -0.188962
0.113697 -0.365210 -0.164938 0.242972 0.212984 -0.109490 -0.021282 -0.256025 -0.041543 0.214471 -0.391850 -0.200133 0.371259 0.044192 -0.110072 -0.153085 -0.196812 -0.148757 -0.235827 0.153993 -0.019542 0.250737 -0.309839 0.344974 -0.315818 0.195738 0.050122 0.280919 0.092417 0.327201 -0.342034 -0.352961 -0.049075 0.028098 -0.009436 0.146948 0.560389 -0.125028 0.111279 -0.400469 -0.054802 0.066511 -0.046188 0.295309 -0.220805 0.491623 0.100596 0.076212 -0.317689 0.065374 0.008008 0.034288 0.296447 0.025529 0.184573 0.020160 0.311470 0.212250 0.138649 -0.051574 -0.021791 0.266464 0.119112 -0.124387 0.009553 0.119539 0.029313 -0.229208 -0.062490 -0.132874 0.079673 0.289757 0.641590 0.058961 -0.085329 -0.277204 0.052460 -0.396480 0.261319 -0.019547 -0.075620 -0.125397 -0.030350 -0.453348 -0.327865 0.177717 -0.043135 -0.011335 0.189033 -0.115957 0.041291 -0.083484 -0.283307 -0.205273 -0.261913 -0.000360 -0.189763 0.410130 0.266981 -0.085199 -0.121403 -0.371439 0.177577 0.383402 0.059433 -0.167126 0.014541 -0.108075 0.140872 0.031393 0.195296 -0.105466 0.045566 -0.105538 0.162406 -0.195074 0.057214 0.396895 0.059154 0.022256 -0.063577 -0.070444 0.096799 0.062981 0.179509 -0.560437 -0.076935 -0.159342 -0.059582 0.339624 0.184013 0.006944 0.089968 0.301760 0.647918 0.028352 0.252326 0.136237 0.387060 0.062458 -0.093523 0.004210 0.205397 -0.025087 0.078948 -0.355220 -0.379398 -0.176122 0.044681 0.345253 -0.390593 -0.009895 -0.049290 0.145477 -0.110420 0.066413 -0.050631 0.058984 -0.215529 -0.007887 -0.006613 -0.141967 -0.037706 -0.195321 0.296691 -0.071806 -0.232774 0.001660 0.329252 -0.072533 0.323124 -0.012206 -0.011692 -0.276268 -0.107270 0.042113 0.079579 0.251815 0.175979 -0.310664 -0.054951 -0.086145 0.157823 0.334253 -0.097047 -0.278550 -0.007068 0.021350 0.159536 0.041931 0.150670 -0.018944 -0.134631 0.106774 -0.122716 0.262146 0.548103 -0.004356 0.038917 0.173260 0.236716 0.153769 0.245005 -0.057897 -0.225027 -0.222632 -0.033515 -0.122576 -0.416735 -0.267382 -0.047812 0.424345 0.119308 -0.168024 -0.012855 0.134224 -0.412241 -0.517260 0.108415 0.047662 0.150349 0.228548 0.035905 0.072875 0.109435 0.019356 -0.029511 -0.002012 -0.041857 0.023019 0.283118 -0.120329 0.156407 -0.228897 -0.034169 0.136651 -0.159649 -0.151077 -0.086552 0.074811 0.110310 0.200860 0.329001 0.249696 -0.043460 -0.236282 0.111701 -0.160171 0.052670 -0.073677 -0.278465 0.094679 -0.296627 0.185013 0.059876 0.255245 -0.022103 -0.130704 -0.118960 -0.018229 0.031044 0.271127 0.081777 -0.146473 -0.081330 0.004407 -0.156392 0.168654 0.010290 -0.224265 -0.103251 0.058114 0.276833 -0.228621 0.233035 0.072933 0.058444 -0.155166 -0.253629 -0.118271 0.215972 0.002877 0.521251 0.372193 0.339095 -0.025449 -0.289788 -0.186176 -0.378849 0.149870 0.101477 0.129038 -0.140467 -0.175210 -0.188020 0.007254 0.104175 0.020876 0.330497 -0.463434 -0.271003 0.031534 0.203643 -0.331805 0.420085 0.258888 -0.244126 0.064110 0.095082 0.101463 -0.020544 -0.379347 -0.004877 -0.298663 0.454813 -0.035277 0.055027 -0.039153 0.486556 0.320195 0.286006 0.143130 0.004861 -0.038365 0.013930 0.064517 0.103624 -0.342867 -0.034358 0.113217 -0.027150 0.155383 0.236953 0.280563 0.086971 -0.037116 -0.116789 0.367667 -0.386867 0.232876 -0.052519 -0.384184 -0.013244 0.461067 -0.031090 -0.305752 -0.112266 0.355030 0.112244 -0.168262 0.120490 -0.031034 -0.273623 -0.108807 0.209809 0.199327 -0.145810 0.086586 0.300409 0.059497 0.299243 -0.271322 -0.092577 0.070979 0.240391 0.020489 0.053846 0.346976 0.211911 -0.154904 -0.281361 -0.138503 0.012666 -0.119225 0.377771 -0.281342 -0.032844 0.211767 0.501939 0.030843 -0.237231 -0.175598 0.064608 0.192261
-0.079428 0.193590 -0.062114 -0.214867 0.042218 0.013420 0.104486 0.244338 -0.039521 0.287742 -0.285156 0.066074 -0.172748 0.002627 -0.071136 0.054740 0.197688 -0.150050 -0.018566 0.127403 -0.032389 -0.175842 0.012111 0.351724 -0.195235 -0.013909 -0.098785 0.157536 -0.403749 0.054686 0.113701 -0.066536 -0.161642 -0.250930 0.241982 -0.143127 0.217581 0.155820 0.241558 -0.130792 -0.072828 0.104006 0.050241 0.190087 0.227463 0.006706 0.034757 -0.074079 0.053364 -0.138620 0.050821 -0.099263 -0.089314 0.076797 0.270986 0.077618 0.035428 -0.014581 0.187960 0.187515 -0.093023 -0.112756 -0.304882 -0.110676 -0.034399 -0.094822 -0.265663 -0.200328 -0.304922 -0.142124 0.036320 -0.047522 -0.242417 -0.038941 0.020081 -0.357213 0.058469 -0.356564 0.153475 0.216950 -0.049321 -0.250459 0.299649 0.127254 -0.078216 -0.067643 -0.130316 -0.158174 0.078903 0.140629 0.327323 -0.214851 -0.284030 0.193213 0.033057 0.063319 0.056655 -0.185604 0.210644 -0.005593 -0.121705 -0.020167 -0.192230 -0.211818 -0.041914 -0.160834 0.060768 0.147562 -0.011254 -0.217180 -0.287515 0.093185 -0.112836 -0.014850 0.062095 -0.354251 -0.209795 0.204799 -0.189647 -0.084223 0.264602 -0.057797 -0.012588 0.158396 -0.059507 0.035694 -0.164802 0.237834 -0.174477 -0.023642 0.082941 -0.189823 -0.006657 0.052154 0.108460 0.051220 -0.372708 -0.141913 0.080135 -0.161368 -0.240085 0.148795 0.060796 -0.000077 0.371381 -0.390224 -0.205841 -0.181004 0.066396 0.363079 0.052717 0.245258 0.007661 -0.143794 0.081003 -0.030564 -0.130667 0.046952 0.195463 0.191607 0.042524 0.234007 0.161189 -0.304205 -0.158290 0.293906 -0.007090 0.246121 -0.220747 -0.119628 0.015960 -0.200281 0.042860 0.211678 0.235037 -0.049529 0.078211 -0.104638 0.017209 -0.238299 0.073506 0.030333 -0.449015 0.178678 0.173629 -0.164841 -0.137246 -0.210601 0.014365 -0.255060 0.056840 -0.348974 -0.006196 0.247393 -0.472854 0.066595 -0.364229 0.149726 0.104094 0.082164 0.288696 0.038543 0.013741 0.053023 -0.254200 -0.021776 0.075411 0.142256 -0.098680 0.016353 0.022555 -0.387905 0.197629 -0.001063 0.418877 0.281777 -0.359521 0.097016 -0.115414 -0.055615 0.085156 -0.148075 -0.088964 -0.056822 -0.039943 0.054588 -0.207524 -0.134191 -0.100508 -0.048649 0.311526 -0.216650 0.038635 -0.110255 -0.100319 -0.105387 0.094868 -0.315873 0.082340 -0.307328 0.075647 -0.383085 0.037283 0.047964 -0.130663 0.071518 0.096629 0.169453 -0.211285 -0.002529 0.161805 -0.025249 -0.140957 0.073830 -0.051709 0.020138 0.009002 -0.275052 -0.089903 -0.347456 0.067278 0.121780 -0.230741 0.092500 -0.355460 -0.005347 -0.027693 -0.120220 0.144859 0.204218 -0.209809 0.214749 0.106929 -0.092678 -0.383215 -0.118799 -0.059911 0.188610 -0.243351 0.051189 0.088703 -0.067727 -0.038346 -0.007450 0.267524 -0.025469 0.077802 -0.007738 -0.032714 0.023234 -0.039390 0.025427 0.287773 -0.343420 -0.118672 0.103935 0.004155 -0.170697 0.269611 0.214609 -0.185711 0.100835 -0.296781 -0.104153 0.066035 0.070433 -0.086976 0.274349 -0.102830 0.145064 0.233350 0.248357 0.045933 -0.189585 0.035224 -0.145207 -0.006955 0.143836 0.000779 -0.264146 -0.187591 0.290410 0.168441 -0.168619 0.078277 0.035292 -0.034937 -0.047739 0.120370 0.077996 -0.412996 -0.167094 -0.252482 0.107265 -0.197035 -0.299431 0.081104 -0.286595 -0.102896 0.069257 -0.153277 0.064788 -0.079364 -0.196056 -0.054670 0.034523 -0.108252 -0.323210 0.172836 0.084452 0.117418 0.004258 -0.132319 0.123481 0.190389 -0.003224 0.108688 -0.026699 -0.287498 0.077063 0.163898 0.403484 -0.148559 -0.094865 0.196026 -0.124529 0.109556 -0.094125 0.015675 -0.137160 0.063810 -0.205687 0.013309 0.132286 -0.088510 -0.068536 0.194989 -0.012011 -0.106085 -0.274721 -0.033672 0.044528 -0.044431 -0.187636
0.115159 0.001427 -0.172139 0.079567 0.129633 -0.216937 0.241282 -0.057209 -0.230836 0.159401 -0.227625 0.152197 -0.011818 0.207268 -0.378672 -0.375817 -0.203038 -0.066300 -0.013929 -0.047931 0.066043 0.292973 -0.226028 0.142246 0.283124 0.120578 0.217724 0.294715 0.043002 0.112912 -0.079961 -0.138609 -0.186101 0.095061 0.081811 -0.054214 0.252885 0.043531 -0.029553 0.023184 -0.044853 0.012651 -0.133665 0.012810 -0.107690 -0.046620 0.096750 0.058315 0.002157 0.110850 0.012991 -0.148496 -0.096114 -0.129446 0.029169 0.080062 -0.076148 0.045467 0.161528 -0.112246 0.126862 0.139126 -0.030556 -0.150673 -0.131006 -0.037920 -0.071200 -0.034913 -0.126905 -0.193443 0.247979 0.008788 0.044929 -0.121866 -0.214922 -0.063956 -0.175421 -0.137870 -0.011615 -0.079691 0.006670 -0.144601 0.187195 -0.020351 0.118875 0.057895 -0.028310 0.100162 -0.112453 -0.119699 -0.039779 0.124633 0.239111 0.056096 -0.042934 0.021948 -0.064809 0.162284 0.063114 -0.278967 -0.028270 -0.285690 0.261250 0.360609 -0.115470 -0.115746 -0.095125 -0.119016 -0.070430 0.154751 -0.019865 -0.205922 0.005202 -0.102215 0.182654 -0.199833 -0.082456 0.194413 0.116487 -0.125145 0.134593 -0.109645 -0.018170 0.129612 -0.157206 -0.060035 0.188038 0.023534 0.096334 0.146795 0.115357 0.133747 -0.169998 0.091687 0.192554 -0.085468 -0.048264 0.403567 -0.359863 -0.006410 -0.106766 0.145947 -0.148922 0.060596 -0.057714 0.029165 -0.249412 0.323198 -0.029600 0.133741 0.017673 0.090824 0.207992 -0.021238 0.099917 -0.246793 -0.379076 0.198087 -0.016802 -0.033708 -0.009284 0.334036 0.006745 0.078045 0.022487 -0.004432 -0.212485 -0.239291 -0.075218 -0.062555 -0.191705 -0.280164 0.035177 -0.144542 0.048466 -0.110358 0.062084 0.047395 -0.087041 0.203566 0.136797 -0.002563 0.030427 0.221963 0.112868 0.173872 0.014859 -0.021465 0.058131 -0.083913 -0.069389 -0.033897 0.012377 0.088371 -0.172213 -0.138679 0.146185 0.078251 0.082830 -0.065621 -0.008328 -0.085782 -0.062489 -0.198405 0.044404 -0.010152 0.113527 -0.225501 -0.154597 -0.014767 -0.039263 0.168447 -0.017812 -0.157414 0.383627 -0.023616 -0.273961 -0.116444 0.154029 0.017277 -0.141632 0.060069 -0.093900 -0.018311 -0.064852 -0.137498 -0.257566 0.071993 -0.201636 0.143934 0.047017 -0.094649 -0.229647 -0.028915 -0.268027 -0.071516 -0.295607 0.013353 -0.012205 0.024174 -0.017580 -0.208142 0.027807 0.247166 -0.178272 -0.069170 0.026170 0.067860 -0.064379 -0.059835 0.306727 0.181937 -0.091822 0.166051 -0.098164 -0.056975 0.030859 0.137002 -0.108720 -0.286908 -0.051036 -0.256347 -0.009764 0.101153 -0.165483 -0.123761 0.366965 0.255756 0.087521 -0.066923 0.010208 0.180379 -0.191291 -0.176763 0.193521 -0.113338 -0.019674 0.086821 -0.206404 0.013612 -0.034092 -0.097197 0.150383 0.159855 0.145080 0.129406 0.169276 -0.114199 0.075811 -0.036246 0.004512 0.020043 0.276961 -0.124172 -0.101096 0.080877 -0.005444 -0.072209 0.205912 -0.116849 0.137894 0.092194 0.200306 -0.212213 0.212953 0.083212 -0.128584 0.050918 -0.167038 0.095297 -0.083636 0.103596 0.025169 -0.224534 0.012752 0.199413 -0.054757 -0.268402 -0.170182 -0.241318 0.100957 0.373374 0.020748 -0.197332 0.154192 0.348671 -0.272649 -0.023307 0.331482 0.247770 -0.001988 -0.042380 0.090685 0.056894 -0.157969 -0.028634 -0.064846 0.078749 0.040402 0.158140 0.079564 -0.178463 0.065082 -0.028539 -0.103494 -0.123016 -0.102484 -0.018599 0.195895 -0.114469 0.054135 -0.280497 0.043526 -0.026197 0.292734 -0.055751 -0.214997 -0.112843 0.096530 -0.286087 0.159089 0.094734 -0.114082 -0.191499 0.265873 -0.086145 0.109441 -0.050002 0.050996 -0.305263 0.112005 -0.045819 -0.061970 -0.027428 0.107730 -0.160326 0.063702 0.142162 0.244198 -0.064734 -0.060759 0.105125 0.003799 0.065384
0.155867 -0.104696 -0.166214 0.181598 0.531115 -0.636105 -0.268461 0.028206 -0.290402 0.049003 0.178253 -0.010941 0.010429 0.531617 -0.313380 0.301966 -0.131605 -0.316170 -0.062498 -0.298259 -0.163042 0.405561 -0.148651 -0.373503 -0.337258 0.045932 -0.179414 0.234724 0.144660 -0.150717 -0.087228 -0.342079 -0.165802 0.067751 -0.116948 0.374708 0.301407 0.101614 -0.211799 0.206531 0.009809 0.086920 -0.081365 0.433456 -0.264126 0.320970 0.137427 0.136682 -0.425558 0.418210 -0.023129 -0.151104 0.019636 0.210441 0.508716 -0.038207 0.039504 0.161949 0.349711 -0.096761 0.018104 0.029220 0.111823 0.117155 -0.407111 -0.388370 0.062424 -0.042259 -0.002460 -0.165522 0.017939 0.341497 0.367806 -0.317560 0.171125 0.095834 -0.172900 0.142170 0.349572 -0.187615 -0.169779 -0.026371 -0.189453 -0.381977 -0.118580 -0.064843 -0.112660 -0.164887 -0.028125 -0.118450 0.304509 0.246122 -0.323067 -0.156403 -0.062037 -0.030375 -0.163466 0.086313 0.289706 -0.139751 0.085042 -0.263797 -0.035618 0.206050 0.279806 0.076656 0.139752 -0.167424 0.527523 0.246696 -0.155787 0.052606 0.363668 -0.060833 -0.040158 -0.122930 0.099875 0.171974 0.722526 0.231302 0.075759 -0.271008 0.301146 0.445006 -0.142246 0.048962 0.167103 -0.430380 -0.254688 0.183380 -0.411602 0.381818 -0.071405 0.459722 0.476987 -0.114937 0.104251 0.127048 0.055066 0.464353 0.121196 0.058963 0.190203 0.124542 0.163988 -0.024124 0.424076 -0.075549 -0.327142 0.128342 -0.264753 -0.049358 0.447266 0.231809 -0.250535 0.132322 -0.423397 0.312230 0.522632 0.278891 -0.015130 -0.033347 -0.721935 0.239792 0.081483 -0.302114 -0.197956 -0.219572 0.079089 -0.314200 -0.188531 -0.413963 -0.037440 -0.491276 0.130856 0.073495 -0.162118 -0.080438 -0.020815 0.115550 -0.118878 0.169988 -0.311175 0.376433 0.154903 0.522446 0.021187 -0.268903 -0.020480 0.055855 -0.002981 0.224450 0.133097 -0.030677 -0.424466 0.106667 0.373700 -0.094192 0.087137 0.169125 0.198119 -0.088679 -0.219012 -0.330450 -0.099312 0.004000 -0.042300 -0.223462 0.011299 0.324056 0.171909 0.237813 0.587876 0.095423 -0.185688 -0.022235 -0.399667 -0.050279 0.246403 0.143878 0.118225 0.283577 0.436326 0.307236 -0.105918 -0.380718 -0.011207 -0.266344 -0.065447 0.340857 0.303356 0.149270 0.300435 0.122974 0.096047 0.146711 0.005968 0.028306 -0.052822 -0.230120 -0.020303 -0.108072 -0.031950 0.434879 0.040451 0.267294 0.070983 -0.274105 0.041484 -0.118268 -0.042079 -0.261688 0.458320 0.094216 -0.010004 0.074115 -0.198500 -0.363745 -0.016258 -0.029708 0.248744 0.028164 -0.032695 0.147009 0.228231 0.025394 0.254755 0.092557 0.296374 -0.228385 -0.144588 0.246569 -0.005127 -0.008596 0.044841 -0.277036 0.123037 0.338116 -0.047170 0.447958 0.482319 -0.089518 0.131402 0.504223 0.166317 -0.153697 -0.159461 -0.050134 -0.259528 -0.157466 0.270994 -0.062205 0.079323 -0.265821 0.315235 0.044247 0.146281 0.035095 0.352127 -0.057647 0.086711 -0.014353 0.226497 -0.410369 0.391805 0.256102 -0.072707 -0.142954 0.070231 0.160688 0.189468 0.001376 -0.029181 -0.340246 0.376486 0.334583 -0.092911 -0.302318 0.175617 0.279055 0.201879 0.127338 -0.340457 0.157207 0.145419 0.045094 0.074856 -0.303526 -0.266734 0.091544 -0.027168 0.184468 0.136375 0.069428 0.138923 0.153839 0.005358 0.193867 -0.378032 0.433507 0.350579 -0.253232 -0.139243 0.162102 -0.040468 -0.429088 -0.101067 0.171641 0.543997 -0.135783 0.086432 0.015154 -0.135337 0.063552 -0.220018 0.202291 0.053080 0.041079 0.310264 -0.130850 0.386618 -0.057754 -0.120069 0.224301 0.144009 0.076891 0.173647 0.327351 0.369560 -0.375987 0.099743 0.228066 -0.033426 -0.342236 -0.061020 0.046690 -0.013525 0.349702 0.386881 -0.024203 -0.208089 -0.256663 -0.046464 -0.301757
0.183656 0.147929 -0.171251 0.227467 0.157059 0.157930 -0.206902 0.076322 -0.392597 -0.014198 0.188293 -0.122482 0.326794 0.401151 0.214772 0.226353 -0.027023 0.111417 -0.104235 -0.242826 -0.156838 0.360152 0.061819 0.058894 -0.476567 -0.116294 -0.517953 0.515488 0.297277 -0.131220 -0.141693 -0.326662 -0.098913 0.429962 0.360840 -0.231539 0.451919 -0.294988 -0.433334 0.004980 -0.392042 0.077451 -0.202099 0.232538 -0.319316 -0.183253 0.159916 0.186784 -0.144902 0.300879 -0.010731 -0.348404 0.123589 -0.102027 0.729897 0.062577 -0.210956 -0.537445 -0.060641 -0.209508 -0.009921 -0.347127 -0.479927 -0.104967 -0.339329 0.102087 -0.077213 0.210782 0.225881 0.083780 -0.239726 0.151403 -0.117533 -0.134501 -0.062969 -0.259278 0.116439 -0.077562 0.386750 -0.114145 -0.039901 0.042852 0.285193 -0.267355 0.205517 -0.625545 -0.026831 -0.643941 -0.130048 -0.288487 0.199129 0.385009 -0.402874 -0.108100 -0.368606 -0.005353 -0.013334 0.020783 0.230513 0.126084 0.520360 -0.129419 0.547463 0.036259 -0.083988 0.017701 0.245866 -0.464504 0.077730 0.365855 0.497458 -0.257586 -0.039847 -0.256792 -0.001349 -0.874594 -0.019470 0.166401 0.452125 -0.048281 -0.041392 -0.201859 -0.092939 0.405699 -0.345818 -0.134172 0.187478 -0.354841 -0.120809 0.070146 -0.180564 0.302654 -0.328737 0.313664 0.253549 -0.249800 0.183706 0.044176 0.264467 -0.231241 0.264671 0.347022 0.452355 -0.059182 0.163382 -0.483081 0.031482 -0.526702 0.006695 -0.117428 -0.253822 0.095189 0.877553 0.276061 0.155956 -0.158052 0.094948 -0.297830 -0.057135 0.057469 -0.000181 -0.013418 -0.368251 -0.086170 0.085952 -0.178802 0.015610 -0.649208 0.455262 -0.286409 -0.092212 -0.152289 -0.018051 -0.310441 0.016803 0.032082 -0.216152 -0.154321 0.051128 0.555277 0.120469 0.354760 -0.232338 0.194076 -0.257157 0.165252 -0.299995 -0.208641 0.177004 -0.062229 0.243932 0.103099 -0.140801 -0.083727 -0.714526 0.131501 0.434732 0.213885 0.299996 0.067199 -0.139700 -0.214766 -0.141114 0.333502 0.043874 0.046194 -0.080740 -0.100389 -0.386258 0.027693 -0.174817 0.254416 0.090816 0.281595 -0.288155 -0.262680 -0.222510 -0.536596 0.098464 0.043678 0.278247 0.103961 -0.022656 -0.256623 -0.028634 -0.370087 -0.186964 -0.087854 0.298643 0.149476 0.166118 -0.101644 -0.165936 -0.001599 -0.022397 0.638744 -0.306598 0.304450 -0.030396 0.093114 -0.186112 0.010712 0.422882 0.065788 0.152360 -0.051015 0.042715 -0.009053 -0.016349 0.067693 -0.277494 -0.220974 0.310950 0.086282 -0.004886 0.511595 -0.009312 -0.469899 0.104729 -0.101205 0.066357 -0.139870 -0.084614 0.296498 0.361567 -0.449812 -0.048975 0.037934 0.252920 -0.148662 -0.115520 -0.049452 0.151456 0.231969 0.484055 -0.261310 0.282800 0.357634 -0.154151 -0.236814 0.629422 0.022876 0.009821 0.145849 0.286332 -0.257184 -0.311967 -0.122869 -0.256265 -0.164062 -0.027655 0.275570 -0.211009 -0.139387 -0.277319 -0.182022 0.089732 -0.040053 0.246583 -0.273099 -0.208919 0.087894 0.233578 -0.580526 0.433985 0.182445 0.034615 0.405533 0.368102 0.456109 0.153417 -0.088023 -0.017765 -0.155958 0.319868 0.273666 -0.033010 0.032286 0.133728 0.063327 0.303947 0.079396 -0.229555 0.016428 0.354224 -0.020294 -0.209107 -0.079206 -0.438372 0.603748 -0.052910 0.588826 -0.320679 0.066360 0.441717 0.029147 0.085454 0.182866 -0.190511 0.037054 0.025108 -0.008189 0.063908 0.292908 0.234866 -0.353193 -0.160850 0.369775 0.046113 0.138912 0.191624 -0.034580 -0.325926 -0.040672 -0.225656 0.324880 0.071485 0.167084 0.247265 0.273207 -0.010140 0.102878 -0.136692 -0.259885 0.035055 -0.021949 -0.238488 0.059027 0.113471 -0.544577 0.388973 -0.082948 0.040324 -0.521997 0.221969 -0.291126 0.051927 0.215387 0.631387 0.030720 0.177030 0.349149 0.293911 0.232684
0.006331 0.207840 -0.012429 0.044536 0.175196 -0.243985 -0.076816 0.383143 0.257916 -0.199134 -0.038091 -0.170884 0.119731 0.088387 0.108332 0.279740 -0.017665 -0.292992 0.117228 -0.028996 -0.149069 0.367202 -0.160633 -0.136089 -0.251224 0.197103 -0.257008 0.347551 0.022082 -0.429030 -0.218957 0.064428 -0.206691 0.184523 -0.052482 -0.124167 0.520520 -0.102742 -0.191822 0.144782 -0.017625 0.287652 -0.178184 0.137220 -0.188367 -0.018424 0.002291 -0.158471 -0.103898 0.304969 0.006733 -0.125062 0.073282 -0.012763 0.469633 0.104043 -0.113900 -0.337842 0.307971 -0.013622 -0.171802 0.012459 0.128735 -0.230906 -0.149191 -0.008751 -0.304414 0.148598 0.139557 0.096223 -0.111965 0.160476 0.356709 -0.297012 -0.150517 -0.274795 0.331525 -0.184241 0.524057 -0.280526 -0.331755 0.014133 -0.065982 -0.218573 0.322667 -0.698381 -0.124754 -0.270502 -0.384528 -0.212547 0.172737 0.045203 -0.322110 0.109531 -0.012318 0.008328 0.105540 0.051897 0.473121 0.207225 0.028797 0.062049 0.194102 0.198053 0.038067 -0.233386 0.444057 -0.438152 0.406884 0.150325 0.345840 -0.347401 0.065153 0.022519 -0.103426 -0.537852 -0.234166 0.004338 0.658152 -0.078571 -0.213669 -0.156091 0.020821 0.252143 -0.402039 -0.526270 0.214295 -0.414526 -0.298119 0.048471 -0.153218 -0.089924 -0.177923 0.314721 0.322551 0.122909 0.164469 0.127468 0.195908 -0.102676 -0.056029 0.591741 0.253808 -0.203710 0.251259 -0.249252 0.158870 -0.327326 0.230613 -0.252993 -0.009099 0.383101 0.839056 -0.035723 -0.053096 -0.236626 -0.016988 -0.329120 0.110182 -0.056229 -0.018177 -0.296871 -0.508167 -0.055378 0.286956 -0.197778 -0.097716 -0.397218 0.318216 -0.529117 -0.061460 -0.237696 -0.018963 -0.536946 0.198317 -0.041339 0.036911 0.082419 0.070033 0.385812 0.274914 0.173711 -0.429132 0.217128 0.131101 0.230014 -0.455153 0.055754 0.459755 -0.319538 0.245854 0.071103 0.042872 -0.294305 -0.295877 0.132231 0.166686 0.123736 0.327313 0.287159 0.271507 -0.140280 -0.056591 0.262937 -0.130111 0.015163 -0.148364 -0.195004 -0.161576 -0.006770 -0.314650 0.185072 0.368853 0.124164 0.009665 -0.065427 -0.213553 -0.112470 -0.111596 -0.008527 0.325302 0.019807 0.118114 0.149582 0.050586 -0.127466 0.013713 -0.596788 0.433784 0.265657 0.042428 -0.170874 0.194452 0.015947 -0.079682 0.176753 -0.395998 0.064964 -0.088091 -0.207842 0.043004 -0.151085 -0.061768 0.110123 0.263365 0.363319 0.163692 0.165155 -0.260022 0.155890 -0.295442 -0.099353 0.214454 0.047367 0.053158 0.350798 -0.092153 -0.562211 -0.034550 0.228840 0.141523 -0.375096 -0.029259 0.212351 0.582566 -0.258443 -0.004451 -0.355563 0.127171 -0.321104 -0.279223 0.274915 0.239607 0.367747 0.128699 -0.071430 0.228298 0.044953 -0.079068 0.045542 0.058310 0.236630 -0.055642 0.178793 -0.060499 -0.495415 0.022377 -0.059019 0.228221 -0.389566 -0.075027 0.007875 -0.308418 -0.276167 -0.189688 -0.050787 0.024932 -0.192919 0.182324 -0.303836 -0.187499 0.107775 -0.098481 -0.255113 0.324275 0.223711 -0.129520 0.124186 0.097315 0.332468 0.172413 -0.239483 -0.018719 -0.190057 0.290147 0.167623 0.180171 0.107607 0.183264 0.071808 0.387764 -0.051143 -0.391916 -0.076452 0.331785 -0.012610 -0.037346 -0.387860 -0.263192 0.458337 -0.120059 0.416655 -0.342818 -0.083849 0.149577 0.247466 0.302576 -0.023580 -0.498138 0.352843 -0.083545 -0.026064 -0.328607 -0.076031 0.265220 -0.127348 -0.149811 0.167892 0.130457 -0.167422 -0.117023 0.003460 -0.141163 0.016625 -0.147412 0.220250 0.233923 0.330496 -0.022680 0.292081 0.268296 0.063265 -0.116188 0.053068 -0.040437 -0.164161 0.115467 0.213360 0.114050 -0.550083 0.316629 0.052547 0.232558 -0.475166 0.024518 -0.286790 0.312018 0.088349 0.450262 -0.077260 -0.336386 -0.104100 0.069763 -0.387889
0.345237 0.053290 -0.118698 0.265264 0.183080 -0.087608 -0.039699 0.188320 -0.006909 -0.225309 -0.277745 -0.155869 0.136672 0.234154 -0.005447 0.234408 -0.149923 -0.032124 -0.052552 -0.128509 -0.205573 0.087315 -0.154275 -0.116361 -0.348963 0.175313 0.069717 0.188657 -0.082785 0.254872 -0.031384 -0.003501 0.039193 -0.060517 -0.296607 0.071086 0.194102 0.030517 -0.196680 0.090017 -0.273623 0.132268 -0.130672 0.072654 -0.141041 -0.111554 0.080144 -0.025305 -0.324031 0.128557 0.039206 -0.218327 0.036026 0.009716 0.269598 0.078061 -0.039817 0.040487 0.176338 -0.037396 0.091238 0.130103 -0.111228 0.107621 -0.013437 -0.087660 -0.175972 0.031127 -0.171927 -0.175495 -0.002460 0.174232 0.152353 -0.180727 -0.105431 0.017494 0.017758 -0.167357 0.098407 -0.028904 -0.128006 -0.074126 -0.050706 -0.213731 -0.033415 -0.205278 -0.023171 -0.330809 -0.168113 -0.424734 -0.019179 -0.011608 -0.439416 -0.030955 -0.002611 0.030513 -0.255745 0.053219 0.044398 0.011607 0.055082 -0.224811 -0.034031 0.090187 0.015047 -0.060919 0.323085 0.068860 0.216790 0.046305 -0.019633 -0.285073 0.278989 -0.172124 -0.094362 -0.155627 -0.130990 0.129839 0.186908 -0.104479 0.054164 -0.184176 0.018970 0.191712 0.011985 -0.191112 0.064612 -0.264633 -0.345291 0.199203 -0.189483 0.095647 -0.296681 -0.048416 0.131039 -0.015989 0.254695 0.054968 0.170636 -0.130831 -0.064328 0.221538 0.206949 0.008708 0.400251 -0.123009 -0.120331 -0.213819 0.098675 -0.006456 -0.165006 0.184177 0.169200 -0.008980 -0.194293 0.157004 -0.189704 -0.121940 -0.059993 0.017809 0.014601 -0.176001 -0.099460 -0.020334 -0.090063 -0.072229 -0.195688 -0.100456 0.182619 -0.030193 0.012994 -0.109619 0.018078 -0.152991 -0.122895 0.042808 0.078395 -0.206258 0.063698 -0.232044 -0.116596 0.027521 -0.045980 0.204436 -0.141950 -0.280749 0.042164 0.150270 0.219009 -0.163147 0.255329 0.263445 0.108253 -0.041807 -0.010231 -0.003908 0.217385 0.071856 -0.122084 -0.063849 0.119080 0.010412 -0.110175 0.140024 -0.170031 -0.336226 -0.035328 0.083603 0.020962 0.046540 -0.038921 0.361530 0.186525 -0.056169 -0.066413 -0.106780 -0.297293 -0.161056 0.054208 0.178235 0.010205 0.031401 0.162872 0.028930 0.232831 0.081029 0.165347 -0.204079 0.271445 -0.174637 0.021086 0.002550 0.180166 -0.318660 0.069256 0.111505 -0.116294 -0.176273 0.053999 -0.293915 -0.101043 -0.085869 0.003077 0.120665 -0.021436 0.107612 0.282395 0.064447 -0.106766 0.039388 -0.178158 0.152606 0.125379 -0.048421 -0.073394 0.293764 0.132599 -0.195019 -0.170522 -0.081024 0.017421 0.017757 0.027680 0.002554 -0.001322 -0.025820 0.048178 -0.137305 0.029493 -0.271434 -0.085066 0.121662 0.208055 -0.115838 0.109978 -0.026942 0.038996 -0.129182 -0.245625 0.008933 0.283742 -0.054891 -0.160261 0.234982 -0.006527 -0.178072 -0.133199 -0.116626 0.026056 -0.027078 -0.029435 0.138606 -0.056779 -0.115248 0.034127 0.121652 -0.002564 -0.099262 0.229374 -0.369248 0.061105 0.083306 0.171726 -0.013052 -0.002699 0.120428 -0.048103 0.091136 0.130050 -0.150572 0.046400 -0.201460 0.019839 -0.199613 0.179542 0.140750 -0.005368 -0.066131 0.223926 -0.066325 0.382696 0.018356 -0.017907 0.078980 0.090141 0.110596 0.165816 -0.055726 -0.108994 -0.083424 -0.043347 0.186648 0.068985 0.065799 -0.010890 0.121804 0.003652 0.081509 -0.346616 0.207558 0.343790 -0.166289 0.083032 0.303545 0.005929 -0.261191 0.014288 -0.136175 0.096485 0.012512 -0.019303 -0.043185 0.037042 -0.063208 0.111048 0.124691 0.106315 -0.019926 0.221102 0.162028 0.209396 -0.003005 -0.078256 0.009761 -0.123838 -0.101610 0.066571 0.275511 0.118977 -0.100941 -0.081563 0.151577 -0.004604 -0.190125 -0.129304 -0.100279 0.141235 -0.085835 0.439272 -0.054926 0.088925 0.224348 -0.023530 -0.016615
0.277748 0.210990 -0.016349 0.018232 0.049482 -0.172295 -0.228764 0.401977 0.084469 -0.363953 0.088680 -0.108120 0.061323 0.197975 0.131674 0.186633 -0.011798 -0.167585 -0.035650 -0.058249 -0.302236 0.526764 -0.161204 0.111085 -0.315887 0.237653 -0.251261 0.215616 0.089724 -0.237727 -0.246898 0.176975 -0.142947 0.326203 0.124940 -0.214510 0.536131 -0.049176 -0.292812 0.007179 -0.017569 0.050245 -0.125239 0.118196 -0.092714 -0.132378 0.010936 -0.081249 0.129533 0.283095 0.019777 -0.250521 0.034947 -0.114450 0.398628 0.082398 -0.099808 -0.320013 0.168687 -0.006940 -0.148629 0.028969 -0.164530 -0.218325 -0.248606 0.009411 -0.166936 0.045759 -0.017032 -0.068717 -0.165391 0.174293 0.160202 -0.199614 -0.127834 -0.122525 0.124003 -0.062277 0.466863 -0.398023 -0.283641 0.078311 -0.051126 -0.180284 0.252802 -0.746817 -0.103642 -0.070287 -0.279890 -0.083104 0.236958 0.185822 -0.434443 0.180277 -0.114676 0.012689 0.054022 0.020013 0.401910 -0.166905 0.135802 0.213892 0.103177 -0.196590 0.162513 -0.259870 0.409821 -0.564520 0.371545 0.262710 0.009563 -0.338457 0.070774 -0.006658 -0.216688 -0.641323 -0.134744 0.217246 0.432378 -0.113060 -0.035276 -0.296905 0.033683 0.202372 -0.486362 -0.411073 0.237211 -0.352823 -0.259180 -0.116242 -0.104782 0.039651 -0.352068 0.374988 0.129941 -0.147495 0.034017 0.254440 0.158232 -0.201003 0.043664 0.461911 0.051339 -0.242326 0.313689 -0.395621 0.215972 -0.436976 0.301844 0.050419 0.086556 0.217041 0.758196 -0.093006 -0.040231 -0.169016 0.011944 -0.210739 0.089734 0.005347 -0.012905 -0.364807 -0.427420 -0.001656 0.023622 -0.125300 0.110659 -0.429042 0.277388 -0.457905 0.066874 -0.349559 -0.009301 -0.418398 0.229744 -0.070402 0.111852 0.024151 0.053135 0.433626 0.273086 0.212066 -0.483830 0.235206 0.180412 0.051783 -0.656144 0.022858 0.277626 -0.160797 0.333574 0.083003 0.008775 -0.199451 -0.412842 -0.111611 0.312964 0.084671 0.299845 -0.076956 0.130998 -0.076287 -0.203378 0.245834 -0.004797 0.147080 -0.161707 -0.092495 -0.119234 0.021000 -0.204687 0.362038 0.399238 0.132587 -0.115849 -0.135969 -0.217391 -0.151263 -0.136010 0.088710 0.291213 -0.112606 0.238753 0.222590 -0.100531 -0.460744 -0.016364 -0.494004 0.406393 0.249995 0.059173 -0.128919 0.305236 -0.116445 0.077555 0.312807 -0.348546 0.041722 -0.168467 -0.253199 -0.009479 -0.281958 -0.034571 0.002220 0.251710 0.406231 0.294253 0.086554 -0.112207 0.131262 -0.224848 -0.216182 0.257367 0.227506 -0.044059 0.356705 -0.129787 -0.399764 -0.128971 0.152793 0.230830 -0.295242 0.003388 0.095428 0.407206 -0.184265 0.130392 -0.356487 0.109046 -0.335547 -0.325045 0.167028 0.267096 0.278820 0.226572 -0.004615 0.290872 0.136139 -0.200968 0.121181 0.274354 0.128925 -0.208145 0.147354 0.115047 -0.425177 0.018210 -0.000920 0.160450 -0.180405 -0.047799 -0.053624 -0.169354 -0.054483 -0.145319 0.045953 0.044130 -0.104660 0.207486 -0.031592 -0.213879 0.100717 -0.056489 -0.449251 0.344530 0.144721 0.058942 0.286176 0.158528 0.064072 0.106000 -0.076739 -0.006173 -0.188081 0.195311 0.210170 0.219066 0.243127 0.185916 -0.029467 0.381418 -0.192968 -0.489110 0.054611 0.321032 0.082226 -0.054478 -0.297828 -0.180470 0.620040 -0.142155 0.429582 -0.427842 0.033056 0.197076 0.022180 0.187247 -0.042658 -0.196060 0.362558 -0.059970 -0.024807 -0.142643 0.104797 0.208644 -0.115581 -0.133897 0.026517 0.108661 -0.012792 0.141643 0.056767 -0.184781 -0.068410 -0.097898 0.212092 0.057620 0.302484 0.141515 0.180077 0.197428 0.109182 -0.235877 -0.135470 -0.180203 -0.107408 -0.181006 0.184684 0.221666 -0.618653 0.475502 -0.074693 0.258631 -0.694829 0.034214 -0.165875 0.164038 -0.049364 0.211063 0.129996 -0.097821 0.017982 0.031030 -0.408990
0.075833 0.198409 -0.048859 0.026356 0.168476 -0.030196 0.254909 -0.368920 -0.263318 -0.094852 -0.024468 0.057864 0.270537 0.033673 -0.182811 0.121913 -0.078247 -0.231338 -0.081132 -0.232792 -0.029489 0.237095 -0.067709 0.277550 0.161896 -0.050951 0.024803 0.355349 0.029735 -0.047924 -0.068234 -0.194932 0.016746 0.115754 0.096940 0.027770 0.199438 0.082337 -0.051507 0.253732 -0.008505 0.100729 0.156326 0.039113 -0.044644 -0.225770 0.054389 -0.169975 -0.084682 0.059093 0.011931 -0.108923 0.075509 0.027618 0.185204 0.096085 -0.204215 -0.060218 0.092037 -0.112957 0.145599 0.190032 -0.155260 -0.173000 0.128045 -0.046165 -0.379921 -0.077998 -0.025613 0.040089 0.086759 -0.137385 -0.137130 -0.269031 0.180545 -0.146129 0.055123 -0.079338 0.000999 0.457530 0.006234 -0.157890 0.092848 -0.120352 -0.166641 -0.094203 0.068482 -0.061066 0.188908 -0.088420 -0.086922 -0.094161 -0.217267 0.011414 0.121577 0.054771 0.086863 0.000913 0.072453 0.131815 -0.169385 -0.260739 0.448574 0.171731 -0.336531 -0.212723 0.074501 0.032316 0.020176 -0.075492 0.069824 -0.063890 0.196282 -0.048734 0.293994 -0.184576 -0.310865 0.015524 0.244893 -0.113064 -0.021374 0.085955 -0.109650 0.014697 -0.056837 0.032614 -0.078289 -0.204571 0.103913 0.097458 -0.251416 0.028965 -0.255516 0.074218 0.259095 0.004824 0.118680 0.100976 0.086888 0.027653 -0.123466 0.205697 -0.143380 -0.067290 -0.051708 0.101747 -0.278394 0.211634 -0.016444 -0.117911 -0.160064 0.398148 -0.031926 -0.001638 0.075259 -0.083480 -0.322004 -0.018136 0.129355 -0.019110 0.060484 0.045563 -0.222544 0.008225 0.076476 0.016098 -0.320679 -0.035722 0.119278 -0.010326 -0.342771 -0.219085 0.005194 -0.060036 0.061037 -0.220765 -0.054843 0.076045 0.072239 0.142890 0.195846 -0.217449 0.090141 0.221560 0.179013 0.199503 0.039568 -0.187934 0.130718 -0.367966 -0.035706 -0.119728 0.070791 -0.114679 0.047277 0.359133 -0.223839 0.321788 -0.069785 0.149565 -0.131255 -0.000322 -0.009048 -0.258515 -0.209958 -0.020880 0.132145 -0.178641 0.053570 0.158423 0.201773 0.106639 -0.149953 0.040321 0.033987 -0.370086 -0.307915 -0.171393 -0.118208 -0.278494 0.066449 0.013226 -0.188700 0.113802 0.216351 0.066127 -0.014457 0.167794 0.089736 0.061748 0.000855 -0.127212 -0.117660 0.283771 -0.033817 -0.028356 -0.155181 -0.091827 -0.329711 0.009504 0.094721 -0.023302 0.153946 0.096077 -0.094701 -0.005106 0.128527 0.211793 -0.353922 0.006706 -0.221770 0.016039 -0.150028 -0.106221 -0.197106 -0.092859 0.136049 -0.281944 -0.052628 -0.064269 0.127701 0.073546 -0.158722 0.096952 -0.015830 0.014261 0.159938 0.179117 0.138507 0.078224 0.050336 -0.000805 -0.255985 0.142743 0.270163 -0.152960 0.071289 0.316749 -0.179335 -0.034315 0.075109 -0.100989 0.303966 0.297676 0.165587 0.134260 -0.067960 -0.053603 0.012082 -0.053975 -0.006135 0.133014 0.230615 0.183746 0.088164 -0.034336 0.005519 -0.273794 0.252675 -0.261043 0.416339 0.094836 -0.091957 0.027394 0.005116 -0.076841 0.022476 0.118152 -0.096941 0.159842 -0.248478 -0.063601 0.018985 -0.202022 0.196133 0.213918 0.024450 -0.108428 0.096465 -0.024362 -0.360088 0.284529 -0.174308 -0.085711 -0.055888 0.245925 -0.121393 -0.111870 -0.045668 0.026519 -0.038791 0.005681 -0.133496 0.008657 -0.150841 0.175566 0.055065 0.114692 0.076139 -0.056388 -0.110144 -0.040396 -0.049260 -0.106304 -0.026024 0.167704 -0.196559 0.112706 0.042356 -0.038334 -0.201631 -0.291838 0.079907 -0.017461 -0.124503 0.275583 -0.084736 -0.017587 0.087861 -0.175900 -0.120660 0.064654 0.014341 0.006856 0.026111 -0.189819 0.411418 -0.207975 -0.053974 -0.040520 -0.053049 -0.021020 0.022554 -0.263989 -0.266781 -0.017321 0.343481 0.080143 0.083532 -0.002626 -0.188313 -0.152113 0.042277 -0.169273
0.415694 0.359543 -0.002665 0.296613 0.073522 0.021254 -0.372618 0.557917 -0.105398 -0.591278 0.114955 -0.283971 0.414526 0.345112 0.616306 0.235836 0.015307 -0.049455 -0.048929 -0.106393 -0.332391 0.551057 0.061389 -0.189259 -0.717085 0.139021 -0.426920 0.553081 0.211948 -0.260960 -0.179810 0.253851 -0.505009 0.508277 0.215678 -0.172109 0.706647 -0.224732 -0.529928 0.083259 -0.031848 0.181075 -0.091633 0.255025 -0.324389 -0.089909 0.002102 -0.074105 -0.046081 0.656031 0.026164 -0.496231 0.175871 0.051515 0.367143 0.050274 -0.122242 -0.181245 0.072534 -0.145274 -0.173952 -0.032593 -0.400187 -0.303905 -0.464675 0.153986 -0.126481 0.003898 0.129241 -0.108258 -0.377857 0.431771 0.017168 -0.301645 -0.341823 -0.161688 0.199273 -0.073621 0.412361 -0.435759 -0.271764 0.203848 -0.315900 -0.302219 0.429691 -0.785324 -0.100053 -0.404148 -0.547234 -0.315862 0.487291 0.078660 -0.517254 0.334786 -0.079900 0.029565 -0.213216 0.093313 0.368531 -0.109734 0.575997 0.127195 -0.064077 -0.591502 0.198553 -0.233643 0.579665 -0.793835 0.371515 0.249882 0.177132 -0.257271 0.103628 0.003422 -0.217587 -0.570539 -0.095543 0.029618 0.524167 -0.084987 -0.122650 -0.485112 0.148661 0.108556 -0.498491 -0.175840 0.264726 -0.468792 -0.203676 0.388686 -0.314076 0.113799 -0.390974 0.518495 0.128629 -0.396753 0.123814 0.562208 0.060906 0.202666 0.183571 0.275319 0.448407 -0.482642 0.221690 -0.587275 0.380972 -0.634374 0.457991 0.016360 -0.139127 0.155362 0.853736 -0.003535 -0.282464 -0.106641 0.135664 -0.412947 -0.014500 -0.128727 0.002787 -0.361322 -0.486964 -0.240425 -0.048016 -0.209158 0.091391 -0.369373 0.225522 -0.296028 -0.179529 -0.350327 0.006143 -0.601493 0.248199 0.212953 0.084455 -0.209955 0.171459 0.555737 0.125630 0.427626 -0.382643 0.320103 -0.042890 -0.043962 -0.633498 -0.473501 0.210236 -0.113896 0.570593 0.201996 0.118590 -0.285229 -0.585852 -0.352566 0.529300 0.274164 0.077423 -0.089093 0.101724 -0.163755 -0.302642 0.489334 -0.163981 0.221668 -0.101669 0.044480 -0.177929 0.001878 -0.263235 0.670169 0.392659 -0.040912 -0.183110 -0.311809 -0.345627 -0.180240 -0.018803 0.109048 0.299517 -0.414866 0.221941 0.300091 -0.189166 -0.805699 0.245076 -0.347784 0.569315 0.165256 -0.017454 -0.040206 0.483818 -0.132133 0.020697 0.687933 -0.569610 0.073136 0.052430 -0.446178 -0.229818 -0.251548 0.181808 -0.183174 0.160993 0.229826 0.228597 -0.004445 -0.053516 0.139436 -0.658837 -0.353253 0.718003 0.020816 0.267688 0.452723 -0.163239 -0.491518 -0.056571 0.130942 0.228458 -0.227942 0.060366 -0.050669 0.357414 -0.272477 0.250425 -0.279648 0.278830 -0.379417 -0.300804 0.022972 0.518751 0.389329 0.066832 0.042218 0.165497 0.206051 -0.347546 -0.008570 0.609130 0.325709 -0.388738 0.106947 0.134556 -0.573255 -0.030738 -0.293855 0.058484 -0.369886 -0.029985 -0.164685 -0.455999 0.085189 -0.190911 0.040510 0.125665 -0.075979 0.301284 -0.430071 -0.585251 0.072527 0.018050 -0.546399 0.297041 0.371258 0.010396 0.245784 0.210083 -0.047730 0.074743 0.021933 -0.002631 -0.284909 0.252564 0.225060 0.422563 0.104030 0.520753 0.141096 0.560942 -0.616417 -0.728487 0.044816 0.326806 0.122020 -0.202805 -0.372188 -0.359409 0.622259 -0.132952 0.437777 -0.460976 0.208543 0.266736 0.084620 0.170168 0.097846 -0.205984 0.392789 0.337354 -0.123097 0.077789 0.305825 0.208533 -0.240384 0.036735 0.127639 0.173940 0.054026 0.118583 0.128819 -0.318574 -0.099110 0.036724 0.345379 0.230170 0.199876 0.347348 0.169427 0.304365 0.301492 -0.306017 0.111853 -0.057840 -0.075771 -0.179582 0.313661 0.246783 -0.555395 0.581963 0.081096 0.517509 -0.869851 0.197462 -0.438242 0.092686 0.134294 0.455018 0.321657 0.009446 0.116001 0.275987 -0.124276
-0.203637 0.017010 -0.065365 -0.078039 0.170311 -0.189968 -0.031859 0.192509 0.098496 -0.034026 0.009099 -0.182141 0.064473 0.164738 0.082880 0.310911 0.050908 -0.097760 0.022602 -0.027825 -0.247990 0.304302 -0.172060 -0.104450 -0.309214 0.126946 -0.242432 0.357101 0.078107 -0.369337 -0.293632 -0.018738 -0.181100 0.163347 -0.162780 0.011845 0.436079 -0.136002 -0.078710 0.121807 -0.018284 0.380307 -0.213049 0.029018 -0.220895 -0.043130 0.053161 -0.227580 -0.216581 0.203616 0.002806 0.120825 0.134833 0.194813 0.552367 0.107369 0.084436 -0.343906 0.221765 -0.069799 -0.186771 0.124110 0.175692 -0.306561 -0.004936 -0.028762 -0.198460 0.091375 -0.076855 0.180890 -0.074599 0.061421 0.483824 -0.335297 -0.091382 -0.099721 0.238704 -0.076579 0.374695 -0.173250 -0.150185 -0.022694 -0.118732 -0.264014 0.294095 -0.488576 -0.103856 -0.402537 -0.155153 -0.051131 -0.083790 -0.069662 -0.329540 0.091864 -0.168882 0.002903 0.080082 -0.004351 0.425545 0.175677 0.171969 -0.169623 0.154536 0.018091 -0.023030 -0.059024 0.201405 -0.417484 0.366122 0.069671 0.235737 -0.239419 0.056130 -0.010306 0.099751 -0.373708 -0.173566 -0.008226 0.375060 -0.071849 -0.015914 -0.169430 0.043106 0.265502 -0.403577 -0.383393 0.288010 -0.252809 -0.123234 -0.034182 -0.155073 -0.034547 -0.011637 0.409019 0.366528 -0.037944 0.210267 0.064683 0.015099 0.109942 -0.042736 0.433361 0.033262 -0.038926 -0.123248 -0.175224 0.076961 -0.117146 0.186497 -0.031093 0.024493 0.262207 0.476493 0.060103 -0.091397 -0.012944 -0.016270 -0.227456 0.135110 -0.037260 -0.024391 -0.161328 -0.356411 -0.046776 0.306092 -0.159318 -0.053294 -0.308353 0.386745 -0.313071 -0.293230 -0.170218 -0.019736 -0.417596 0.140385 -0.058671 -0.144812 -0.044962 0.030485 0.173383 0.106626 0.164890 -0.354089 0.191392 0.172715 0.312406 -0.381403 -0.080677 0.239736 -0.217525 0.208014 0.073304 0.014642 -0.040964 -0.191166 0.220642 0.059806 -0.045080 0.331549 0.280782 0.255417 -0.179693 0.053444 0.113243 -0.035984 0.153379 -0.083370 0.030078 -0.188637 0.014204 -0.298388 0.089115 0.323416 0.030094 -0.041760 -0.033256 -0.180680 -0.222630 -0.148841 -0.099592 0.220798 -0.037305 0.208849 0.081410 -0.091887 -0.246469 0.039799 -0.407206 0.394120 0.287284 0.058646 -0.228817 0.215383 -0.085723 -0.081211 0.319380 -0.342113 0.110514 0.139721 -0.141657 -0.010314 -0.119402 -0.012518 0.098123 0.256965 0.123608 -0.080526 0.137995 -0.168845 0.093980 -0.358357 -0.027825 0.063604 0.015344 0.002809 0.030160 0.023411 -0.592944 -0.026685 0.148872 0.097769 -0.059580 -0.049001 0.285629 0.471841 -0.107242 -0.159099 -0.141481 0.162842 -0.318386 -0.137111 0.127574 0.107170 0.193646 0.161413 -0.156943 0.218830 0.024153 0.006650 0.299786 0.062714 0.142337 0.017041 0.197350 -0.093773 -0.396266 -0.158426 -0.153395 -0.051691 -0.295874 -0.024244 0.064840 -0.252064 -0.164146 -0.252569 -0.189234 0.020495 -0.131389 0.150122 -0.319243 -0.143123 0.109227 -0.085558 -0.034110 0.318701 0.248407 -0.148259 0.199665 0.096731 0.294668 0.056965 -0.192830 -0.025121 -0.185370 0.272906 0.200504 0.040912 -0.151564 0.225923 0.126570 0.217825 -0.105841 -0.437300 -0.050962 0.202602 -0.033274 -0.106008 -0.403280 -0.280085 0.325830 -0.068152 0.429526 -0.270424 0.060018 0.127992 0.204602 0.139654 0.090472 -0.467797 0.326453 -0.120212 -0.081866 -0.291694 0.028623 0.194681 -0.168345 -0.270777 0.455880 0.254526 0.008368 -0.103144 -0.044372 -0.045397 -0.251931 -0.231037 0.237153 0.046157 0.111453 0.105080 0.160929 0.191420 0.010700 -0.013834 0.121850 0.088991 -0.124565 0.150176 0.104238 0.033867 -0.345791 0.113279 0.095187 0.052893 -0.167787 0.086721 -0.140992 0.205929 -0.057263 0.350575 0.017993 -0.074732 -0.198285 0.133226 -0.237023
0.068932 0.043945 -0.001389 0.008275 0.301505 -0.132505 -0.081238 0.148881 0.150255 -0.208693 -0.202615 -0.064767 0.131817 0.034929 0.122833 0.157222 -0.346605 -0.053375 -0.150699 -0.086652 -0.354860 0.081105 -0.282174 -0.306755 -0.275274 -0.136770 -0.126037 0.222858 0.042693 -0.321394 -0.114469 -0.072180 -0.029271 0.198221 0.071054 0.178443 0.032399 -0.021604 -0.135894 0.027233 0.009327 0.202573 -0.122317 -0.058975 -0.221598 0.104014 0.006358 -0.078721 -0.309237 0.259462 0.001776 -0.292417 0.223511 0.109252 0.136254 0.092276 -0.066504 0.091207 0.184965 -0.037694 -0.023405 0.140181 0.029946 -0.192226 0.045036 -0.107111 -0.189797 -0.129873 -0.153798 0.103002 -0.144398 0.076359 0.272533 -0.206658 0.092413 -0.226706 0.018524 -0.179505 0.125450 0.051618 -0.148456 -0.083727 -0.078675 -0.424694 0.056343 0.000717 -0.188519 -0.165906 -0.131566 0.070661 -0.000532 -0.218436 0.057611 0.043423 0.103344 0.007211 0.107148 0.180155 0.175673 0.200232 -0.135961 -0.207945 0.030671 0.055362 0.063392 0.119404 0.304148 -0.054604 0.177562 -0.096199 -0.019775 -0.268008 -0.012658 0.003731 0.322465 0.005769 -0.146362 0.086034 0.234678 -0.094214 0.114384 -0.101747 0.069697 0.134987 -0.237382 -0.194010 0.017224 -0.311441 0.088589 0.024997 -0.211750 -0.010100 -0.319591 0.106956 0.162735 0.130169 0.285219 0.094087 -0.048361 -0.064819 -0.040397 0.182826 0.256708 -0.243446 0.109796 0.096460 0.118352 -0.006837 0.116750 -0.115321 -0.061016 0.199636 0.343568 0.010718 -0.072387 0.003752 -0.161329 -0.106242 0.143533 -0.194373 -0.010076 -0.186986 -0.134079 -0.081674 0.441652 -0.203793 -0.238179 -0.183384 0.252087 -0.102690 -0.051901 0.007123 -0.006018 -0.526586 -0.070360 -0.098067 -0.066306 -0.129790 0.064760 -0.063133 -0.034827 -0.023460 -0.313022 0.162177 -0.058730 0.035242 0.042750 -0.073451 0.127247 -0.161805 0.212748 0.069019 0.079819 -0.027701 -0.182132 0.172699 0.025470 0.062353 0.109626 0.007842 0.020406 -0.007163 0.247794 0.072844 -0.146198 -0.050135 -0.092732 0.143335 -0.100757 0.228859 -0.059984 0.281215 0.174892 0.378001 0.113006 -0.109329 -0.282934 -0.461703 -0.137982 0.263445 0.276117 -0.054831 -0.103198 0.236303 0.148203 -0.045390 0.212730 -0.104422 0.150716 0.096848 -0.060663 -0.061203 0.091344 -0.262495 -0.062924 -0.029897 -0.320196 -0.148207 0.006457 -0.128477 -0.027553 0.048832 -0.036489 0.032826 0.157731 0.193654 0.208940 0.092475 -0.155565 0.050403 -0.106269 0.214746 0.153359 -0.062335 -0.065787 -0.066748 0.189868 -0.342583 0.038464 0.066589 0.195762 -0.327485 0.033594 -0.054350 0.206485 0.101479 -0.098671 0.071490 0.041708 -0.141706 -0.014499 -0.038987 0.132949 0.065590 0.095761 -0.004872 -0.012054 -0.098946 -0.239840 -0.077056 0.239708 -0.107562 0.233706 0.166868 0.067103 -0.225881 0.105574 -0.017647 -0.099410 -0.137609 -0.053517 0.286897 -0.074750 -0.047101 0.266148 -0.009552 -0.004447 -0.120829 0.211081 -0.362014 0.111214 0.102484 0.211887 0.162627 0.313568 0.180293 -0.040721 0.061541 0.109590 0.123197 0.116013 -0.263914 -0.006942 -0.149676 0.188899 0.327812 0.231315 -0.166180 0.128710 -0.236952 0.030108 0.089454 -0.217882 -0.152943 0.111225 0.212357 0.163305 -0.159180 -0.236919 0.152670 -0.104736 0.219144 0.075902 0.110957 -0.137068 0.066710 0.203925 -0.053656 0.121829 0.248122 0.090974 -0.201817 0.092217 0.095646 -0.061983 -0.031215 -0.097989 0.036827 -0.050677 0.031431 0.010510 -0.236917 -0.122678 -0.032477 -0.034620 0.222824 0.167672 0.143086 0.159479 -0.142719 0.292566 -0.011029 -0.178350 -0.037037 0.120938 -0.127844 -0.230096 0.091114 0.026409 -0.200978 -0.021429 -0.091469 0.205815 -0.223070 -0.030235 -0.159476 0.168314 0.130469 0.434846 0.150565 -0.172472 0.213576 0.189558 0.019534
-0.306475 0.019739 -0.237852 -0.032081 0.563701 -0.131567 -0.059558 -0.043605 -0.240064 -0.026485 0.085798 -0.247849 0.187165 0.208167 0.097735 0.384062 -0.145815 -0.217200 -0.131373 0.000732 0.182754 0.426429 -0.140418 0.086188 -0.401616 0.079531 -0.106201 0.521219 0.350879 0.361327 -0.072092 -0.479039 0.004573 0.025962 -0.062878 0.227684 0.067738 0.182789 -0.020760 0.143845 -0.047115 0.189390 -0.156396 0.149182 -0.257294 -0.125017 0.161817 -0.122281 -0.398503 0.110326 -0.050285 0.327741 -0.296050 0.344157 0.337377 -0.060109 0.155293 0.187349 -0.078636 -0.004883 0.235116 0.243814 0.304252 -0.174859 -0.217306 -0.391670 0.148301 -0.089545 -0.205628 -0.132391 0.213926 0.472840 0.852547 -0.138270 0.485009 0.063658 -0.304797 0.088515 -0.080696 0.456730 -0.088130 -0.058745 -0.246980 -0.162919 -0.527913 0.162376 0.009988 -0.096767 0.035267 0.260322 0.002816 0.262622 -0.520670 0.359057 -0.120388 -0.025725 -0.294668 -0.247203 0.470838 0.187005 0.388068 -0.412708 0.480865 0.086294 0.217983 -0.004145 0.597876 -0.242116 0.425730 0.095664 -0.045178 -0.304446 0.360399 -0.070334 0.092743 -0.246104 0.129854 0.060930 -0.004620 0.271446 0.610214 -0.055631 0.198121 -0.174221 0.039726 -0.267062 0.322015 -0.157772 0.056445 0.170203 -0.128535 0.308518 0.274966 0.836628 0.398315 -0.129932 0.017105 0.201748 0.027596 0.208824 0.161700 0.016295 -0.225607 0.043659 -0.151384 -0.207306 0.314217 -0.084616 0.094567 0.394670 0.209722 -0.095259 0.514519 -0.017349 -0.066733 0.268028 0.030956 0.459288 0.571741 0.460100 -0.033209 -0.305841 -0.370123 -0.275430 0.300252 0.115962 -0.165950 0.003350 0.128202 0.010380 -0.039431 -0.115595 -0.051428 -0.417951 -0.107136 -0.021083 -0.277529 0.183200 0.265418 -0.197148 0.230273 -0.119673 -0.640668 0.248411 0.125017 0.765670 -0.027684 0.135706 0.298350 0.127176 0.120495 -0.193190 0.162578 0.319124 0.327245 -0.141180 0.249453 -0.141638 -0.000107 0.377856 0.017818 -0.433512 -0.024621 -0.174020 -0.050604 0.107907 0.197884 -0.171382 -0.030605 0.178895 -0.094790 0.377589 0.411424 0.044203 -0.469077 0.018526 -0.248497 0.285934 0.384445 -0.270060 -0.099874 0.258509 0.162816 -0.137549 -0.566009 -0.115256 0.256448 -0.396492 0.047072 0.756301 0.505048 0.238717 0.122129 -0.043284 0.022673 0.027028 -0.136858 0.116500 0.369397 -0.184021 -0.031693 0.656528 -0.100879 0.200849 0.356387 0.335616 -0.022988 -0.318173 0.051101 -0.203201 -0.236708 -0.303993 0.334541 -0.259725 0.107515 -0.154857 -0.098308 -0.825326 0.225846 -0.246458 0.064258 -0.076682 0.165189 0.033884 0.359126 0.023123 -0.174563 -0.083146 0.237236 -0.020407 0.656426 0.020635 0.149291 -0.055342 0.345178 -0.153561 0.261392 -0.192306 -0.084562 0.239029 0.677205 0.303782 0.386049 0.413679 -0.083715 -0.109228 -0.085737 0.385574 -0.239939 -0.124436 0.383230 -0.016823 -0.631978 -0.191634 0.412608 -0.115433 0.219312 0.074285 0.223101 -0.153396 -0.170600 -0.054809 0.281880 0.151607 0.609549 0.299423 -0.115466 -0.277366 0.147615 0.384695 0.076895 -0.115488 -0.026682 -0.224629 0.318964 0.608651 -0.108238 -0.478720 0.107647 0.243842 0.202724 0.138339 -0.265783 -0.231936 -0.193763 -0.363217 0.067452 -0.288484 -0.359350 0.620381 -0.376495 0.050136 0.111690 0.102875 0.388032 -0.302245 0.123146 0.173181 -0.066161 0.516991 0.442376 -0.098884 -0.126291 -0.060408 -0.061183 -0.013371 -0.695979 0.456809 0.407856 -0.053785 0.221038 0.132341 0.138575 0.260638 -0.054102 0.393323 0.050029 0.039506 -0.050892 -0.228902 0.015441 -0.366467 -0.109130 0.426617 0.191570 0.109423 -0.023706 0.008030 0.048827 -0.364242 -0.097947 0.120312 -0.062095 -0.459632 -0.272830 0.202073 -0.051864 -0.229123 0.158364 -0.512239 -0.594239 -0.217705 0.248029 -0.040757
